DROP TABLE attachment;
CREATE TABLE attachment ( ID text, CONTEXTPATH varchar(50), FILENAME varchar(100), FILEPATH text, FILESIZE bigint(22), FILETYPE varchar(30), UPLOADTIME datetime, UPLOADUSERID varchar(30), INDEX ATTACHMENT_FILENAME (FILENAME) ) ENGINE=InnoDB DEFAULT CHARSET=utf8;
DROP TABLE demo;
CREATE TABLE demo ( ID text, AGE bigint(22), CONTENTVAL longtext, CREATETIME datetime, DEPART varchar(60), DIRECTION varchar(100), HOBBY varchar(50), NAME varchar(100), SEX varchar(1), INDEX DEMO_AGE (AGE), INDEX DEMO_CREATETIME (CREATETIME), INDEX DEMO_NAME (NAME) ) ENGINE=InnoDB DEFAULT CHARSET=utf8;
insert into demo (ID, AGE, CONTENTVAL, CREATETIME, DEPART, DIRECTION, HOBBY, NAME, SEX) values ('2f11af1d-a9f2-418b-b4a6-471cc19ba8a7', 24, null, '2013-03-09 11:15:17', '1', '1', '1', 'yyy', '1');
insert into demo (ID, AGE, CONTENTVAL, CREATETIME, DEPART, DIRECTION, HOBBY, NAME, SEX) values ('cf4e0321-f98f-4322-a3ba-2026476df3ee', 25, null, '2013-03-09 11:15:18', '1', '1', '1', '中国人', '1');
insert into demo (ID, AGE, CONTENTVAL, CREATETIME, DEPART, DIRECTION, HOBBY, NAME, SEX) values ('9b394419-a1b1-4a4a-b972-0bf11b6f559b', 34, null, '2013-03-09 11:15:19', '1', '1', '1', 'yyy', '1');
insert into demo (ID, AGE, CONTENTVAL, CREATETIME, DEPART, DIRECTION, HOBBY, NAME, SEX) values ('d26ac193-3204-4b28-990d-bec50b91d503', 27, null, '2013-03-09 11:15:20', '1', '1', '1', 'yyy', '1');
insert into demo (ID, AGE, CONTENTVAL, CREATETIME, DEPART, DIRECTION, HOBBY, NAME, SEX) values ('34b479f8-3fc1-46be-bad8-eb02173a3b9b', 22, null, '2013-03-09 11:15:16', '1', '1', '1', 'yyy', '1');
insert into demo (ID, AGE, CONTENTVAL, CREATETIME, DEPART, DIRECTION, HOBBY, NAME, SEX) values ('bcf75a6e-73cd-4086-8131-f17f622a4995', 23, null, '2013-03-09 11:15:16', '1', '1', '1', 'asfd', '1');
insert into demo (ID, AGE, CONTENTVAL, CREATETIME, DEPART, DIRECTION, HOBBY, NAME, SEX) values ('a01470b7-a206-4051-9afe-d499dcff0915', 24, null, '2013-03-09 11:15:17', '1', '1', '1', 'yyy', '1');
insert into demo (ID, AGE, CONTENTVAL, CREATETIME, DEPART, DIRECTION, HOBBY, NAME, SEX) values ('a7bb1620-2f25-43b0-855f-b9c64a68e2dd', 25, null, '2013-03-09 11:15:18', '1', '1', '1', '中国人', '1');
insert into demo (ID, AGE, CONTENTVAL, CREATETIME, DEPART, DIRECTION, HOBBY, NAME, SEX) values ('c552c15d-1d4a-4b71-a2be-0c86c168ae28', 34, null, '2013-03-09 11:15:19', '1', '1', '1', 'yyy', '1');
DROP TABLE service_businfo;
CREATE TABLE service_businfo ( ID text, BUSNO varchar(50), BUSOWNER varchar(50), PHONE varchar(50), XL1 varchar(50), XL2 varchar(50), INDEX SERVICE_BUSINFO_BUSNO (BUSNO), INDEX SERVICE_BUSINFO_BUSOWNER (BUSOWNER), INDEX SERVICE_BUSINFO_PHONE (PHONE) ) ENGINE=InnoDB DEFAULT CHARSET=utf8;
insert into service_businfo (ID, BUSNO, BUSOWNER, PHONE, XL1, XL2) values ('9e7ef3fe-4532-40e5-aba1-e46704e61edc', '黑D43570', '李蛟', '13945495213', '桦川', '佳木斯');
insert into service_businfo (ID, BUSNO, BUSOWNER, PHONE, XL1, XL2) values ('7d13c312-52fe-4b25-b2c5-f43a20e4fbaa', '黑D46233', '李孝俭', '15945411520', '桦川', '佳木斯');
insert into service_businfo (ID, BUSNO, BUSOWNER, PHONE, XL1, XL2) values ('080944fc-f3dd-43a8-9da3-e97c128fa2b9', '黑D46232', '陈玉敏', '13614542555', '桦川', '佳木斯');
insert into service_businfo (ID, BUSNO, BUSOWNER, PHONE, XL1, XL2) values ('fefdb802-a944-44e3-9693-4295d4ffe433', '黑D46195', '毛旭航', '13945471162', '桦川', '佳木斯');
insert into service_businfo (ID, BUSNO, BUSOWNER, PHONE, XL1, XL2) values ('336b229e-946c-4236-aea3-481e429235f8', '黑D46170', '张良斌', '15145439111', '桦川', '佳木斯');
insert into service_businfo (ID, BUSNO, BUSOWNER, PHONE, XL1, XL2) values ('323cf2d9-2373-45ce-9d30-913da3d21496', '黑D45889', '史丽华', '13836675916', '桦川', '佳木斯');
insert into service_businfo (ID, BUSNO, BUSOWNER, PHONE, XL1, XL2) values ('a90e8d39-3434-4e33-844d-d7cd499bdd77', '黑DN5155', '赵维臣', '13555429567', '桦川', '佳木斯');
insert into service_businfo (ID, BUSNO, BUSOWNER, PHONE, XL1, XL2) values ('53b26280-6c02-415e-a9c7-e9e70d79a926', '黑D43999', '史泽普', '13212983083', '桦川', '佳木斯');
insert into service_businfo (ID, BUSNO, BUSOWNER, PHONE, XL1, XL2) values ('759ec5e2-9889-4e2f-b1ed-8a13d2772799', '黑D46223', '刘雪微', '13009760730', '桦川', '佳木斯');
insert into service_businfo (ID, BUSNO, BUSOWNER, PHONE, XL1, XL2) values ('6fadcfdf-88ba-4438-9a87-f53574318517', '黑D43112', '李伟光', '13674543112', '桦川', '佳木斯');
insert into service_businfo (ID, BUSNO, BUSOWNER, PHONE, XL1, XL2) values ('8e8b6bcc-b631-4221-b08e-bfe1c09b99b7', '黑D43258', '郭侠', '13512642020', '桦川', '佳木斯');
insert into service_businfo (ID, BUSNO, BUSOWNER, PHONE, XL1, XL2) values ('3b95c2c0-5d01-4257-880e-706deecd2e93', '黑D44138', '李双云', '15945881033', '桦川', '佳木斯');
insert into service_businfo (ID, BUSNO, BUSOWNER, PHONE, XL1, XL2) values ('18c31c40-3378-46f7-913a-f5a682768c2a', '黑D46212', '赵殿民', '13104541183', '桦川', '佳木斯');
insert into service_businfo (ID, BUSNO, BUSOWNER, PHONE, XL1, XL2) values ('d894bb92-0121-4869-8baa-61f3262fbd61', '黑D43123', '辛雨', '18246367212', '桦川', '佳木斯');
insert into service_businfo (ID, BUSNO, BUSOWNER, PHONE, XL1, XL2) values ('062261db-debc-4b88-a326-c5b659bfd77e', '黑D48535', '王森', '18845474987', '桦川', '佳木斯');
insert into service_businfo (ID, BUSNO, BUSOWNER, PHONE, XL1, XL2) values ('9855f972-bb59-4a56-be5f-f679b0b6fadd', '黑D45252', '高静哲', '13089648933', '桦川', '佳木斯');
insert into service_businfo (ID, BUSNO, BUSOWNER, PHONE, XL1, XL2) values ('75dc68ee-ddca-474e-b7d4-c8fd8dfbc7c8', '黑D88560', '李欣', '18724230008', '佳木斯', '桦川');
insert into service_businfo (ID, BUSNO, BUSOWNER, PHONE, XL1, XL2) values ('308b299d-dce0-4dc9-bdf9-4050f4699a3c', '黑D06797', '闫秀平', '13945484489', '佳木斯', '桦川');
insert into service_businfo (ID, BUSNO, BUSOWNER, PHONE, XL1, XL2) values ('936344c5-ce14-47a9-b5cd-8c122111fc30', '黑D05226', '张慧', '13845471009', '佳木斯', '桦川');
insert into service_businfo (ID, BUSNO, BUSOWNER, PHONE, XL1, XL2) values ('aaa81bdc-f21b-476f-9dd0-d5e07188d126', '黑D06575', '张健', '13845401313', '佳木斯', '桦川');
insert into service_businfo (ID, BUSNO, BUSOWNER, PHONE, XL1, XL2) values ('6fa2dea8-b6d2-4a30-8c1a-63c52da0f3a0', '黑D06336', '张慧', '13069768555', '佳木斯', '桦川');
insert into service_businfo (ID, BUSNO, BUSOWNER, PHONE, XL1, XL2) values ('4a93cd2c-c621-4059-80b7-579be25a3ab4', '黑D88230', '赵美如', '15246421226', '佳木斯', '桦川');
insert into service_businfo (ID, BUSNO, BUSOWNER, PHONE, XL1, XL2) values ('9cf04c90-f7e0-4e3c-a054-d79365b2c570', '黑D02782', '明朗', '15046476688', '佳木斯', '桦川');
insert into service_businfo (ID, BUSNO, BUSOWNER, PHONE, XL1, XL2) values ('3cb560ff-25d4-48b9-b95e-3e14b3335b64', '黑D02768', '夏丽伟', '13836649445', '佳木斯', '桦川');
insert into service_businfo (ID, BUSNO, BUSOWNER, PHONE, XL1, XL2) values ('c3e40314-1a0b-4ebf-8ff3-fc290549d05c', '黑D02918', '高玉玲', '15945865918', '佳木斯', '桦川');
insert into service_businfo (ID, BUSNO, BUSOWNER, PHONE, XL1, XL2) values ('d10ee0ad-74ed-4f35-b395-b9b23a57a404', '黑D09218', '徐发强', '15904548578', '佳木斯', '桦川');
insert into service_businfo (ID, BUSNO, BUSOWNER, PHONE, XL1, XL2) values ('c0e1e524-cee3-43fd-90e1-6d4a841b70bf', '黑D09199', '王艳华', '13674543293', '佳木斯', '桦川');
insert into service_businfo (ID, BUSNO, BUSOWNER, PHONE, XL1, XL2) values ('c719eef1-fd72-4d6c-a408-eaf5ce3bd461', '黑D08866', '明玉宝', '13846190432', '佳木斯', '桦川');
insert into service_businfo (ID, BUSNO, BUSOWNER, PHONE, XL1, XL2) values ('665bc201-1e3d-4b3e-8c6d-661c4ecc6bbf', '黑D02872', '鲁铃弟', '13946461188', '佳木斯', '桦川');
insert into service_businfo (ID, BUSNO, BUSOWNER, PHONE, XL1, XL2) values ('c76bf0a3-7de7-433e-b520-d73821621d17', '黑D04628', '毛旭航', '13115369888', '长发', '桦川');
insert into service_businfo (ID, BUSNO, BUSOWNER, PHONE, XL1, XL2) values ('ef428109-1185-4f96-a321-475c21378268', '黑D43483', '姜长余', '15244786286', '桦川', '苏家店');
insert into service_businfo (ID, BUSNO, BUSOWNER, PHONE, XL1, XL2) values ('942b4f18-9eb2-4563-92b1-097875ca8105', '黑D43229', '张成立', '13504690707', '桦川', '苏家店');
insert into service_businfo (ID, BUSNO, BUSOWNER, PHONE, XL1, XL2) values ('878a212f-9842-43c5-8d30-7016fc3c3a13', '黑D43635', '王化胜', '13845467454', '桦川', '苏家店');
insert into service_businfo (ID, BUSNO, BUSOWNER, PHONE, XL1, XL2) values ('af8045e4-b2f1-4975-9862-1533e6723d5a', '黑D44091', '李玲玲', '15846989377', '桦川', '苏家店');
insert into service_businfo (ID, BUSNO, BUSOWNER, PHONE, XL1, XL2) values ('6862d2e7-ae6f-4be1-ae5d-67431f544bef', '黑D41417', '王柱', '13845467033', '桦川', '中山');
insert into service_businfo (ID, BUSNO, BUSOWNER, PHONE, XL1, XL2) values ('3fb0653c-1d28-415a-9cdf-def2a2c5db35', '黑DN5232', '王铁吉', '13512631114', '桦川', '中山');
insert into service_businfo (ID, BUSNO, BUSOWNER, PHONE, XL1, XL2) values ('f9995f50-fac2-4bca-86cb-745f79c0cb00', '黑DN5208', '王铁吉', '13512633334', '桦川', '中山');
insert into service_businfo (ID, BUSNO, BUSOWNER, PHONE, XL1, XL2) values ('f0c7c8b8-b9e5-4407-80c6-ac2bf8649aa0', '黑R21536', '颜世权', '13603653117', '桦川', '哈尔滨');
insert into service_businfo (ID, BUSNO, BUSOWNER, PHONE, XL1, XL2) values ('21b5f692-fc6d-42fb-935b-398aaeab5341', '黑AF3487', '颜世权', '13796020588', '桦川', '哈尔滨');
insert into service_businfo (ID, BUSNO, BUSOWNER, PHONE, XL1, XL2) values ('2a35b240-09aa-4428-86c8-4cea85a98ae6', '黑D43700', '刘维', '13945403167', '桦川', '桦南');
insert into service_businfo (ID, BUSNO, BUSOWNER, PHONE, XL1, XL2) values ('2c178a7c-f434-470f-92aa-9743e10e843c', '黑D44332', '于胜利', '18246369774', '桦川', '横头');
insert into service_businfo (ID, BUSNO, BUSOWNER, PHONE, XL1, XL2) values ('1f6d125b-64f9-43e2-a258-b0b1c5824dcf', '黑D45757', '乔世军', '13555428360', '桦川', '九阳');
insert into service_businfo (ID, BUSNO, BUSOWNER, PHONE, XL1, XL2) values ('cc44ec30-b95b-4cae-9989-c7ae0904dfcc', '黑D45032', '张洪娟', '13555145848', '桦川', '福利');
insert into service_businfo (ID, BUSNO, BUSOWNER, PHONE, XL1, XL2) values ('b93cef72-9d29-4184-b77f-ba8648464d49', '黑D43943', '关敏', '13836677981', '桦川', '九阳');
insert into service_businfo (ID, BUSNO, BUSOWNER, PHONE, XL1, XL2) values ('335b5452-caf5-431c-85ed-e57a9441f960', '黑D43396', '温淑萍', '13512630258', '桦川', '双鸭山');
insert into service_businfo (ID, BUSNO, BUSOWNER, PHONE, XL1, XL2) values ('2214ba64-5002-4d20-94d7-0d16d393c07c', '黑D43686', '董明义', '13512633040', '桦川', '横头');
insert into service_businfo (ID, BUSNO, BUSOWNER, PHONE, XL1, XL2) values ('dc56ba06-59f8-4d39-bdca-2fc3456852df', '黑D48875', '刘广生', '13512632390', '桦川', '太平');
insert into service_businfo (ID, BUSNO, BUSOWNER, PHONE, XL1, XL2) values ('dad05662-4b9c-4370-a831-d67a90e500bb', '黑D43100', '王强', '13349553355', '桦川', '富锦');
insert into service_businfo (ID, BUSNO, BUSOWNER, PHONE, XL1, XL2) values ('ee3132b1-e241-4328-801e-15fe074eebba', '黑J06496', '刘兴华', '13946658828', '双鸭山', '桦川');
insert into service_businfo (ID, BUSNO, BUSOWNER, PHONE, XL1, XL2) values ('151f29fb-bcf4-441f-a4a1-9d401685780d', '黑D48826', '陈桂宾', '13946628072', '桦川', '双鸭山');
insert into service_businfo (ID, BUSNO, BUSOWNER, PHONE, XL1, XL2) values ('e296208d-881e-41c2-a6f7-ff285c0ccd49', '黑J61123', '韩平', '13206777785', '福利', '桦川');
insert into service_businfo (ID, BUSNO, BUSOWNER, PHONE, XL1, XL2) values ('506c1442-f99f-4d10-898f-b27068ae556f', '黑D44192', '汪孔明', '13101651719', '桦川', '自新');
insert into service_businfo (ID, BUSNO, BUSOWNER, PHONE, XL1, XL2) values ('2a628eae-5656-4288-9d22-007c854533d6', '黑D43010', '张振军', '13836618218', '桦川', '种畜场');
insert into service_businfo (ID, BUSNO, BUSOWNER, PHONE, XL1, XL2) values ('03a7f5b2-1e66-4e9e-8139-089d04159d44', '黑D45768', '王辉', '13836678563', '桦川', '东宏');
insert into service_businfo (ID, BUSNO, BUSOWNER, PHONE, XL1, XL2) values ('9d142039-ec65-41ce-a9f2-f7fdc1e9338d', '黑D43465', '徐占军', '13634540390', '桦川', '光复');
insert into service_businfo (ID, BUSNO, BUSOWNER, PHONE, XL1, XL2) values ('ee3c1334-557e-475f-9388-3dfc26d00927', '黑D43768', '郭宏臣', '13555021021', '桦川', '兴安');
insert into service_businfo (ID, BUSNO, BUSOWNER, PHONE, XL1, XL2) values ('f6eeba61-3aff-4aa2-acca-f12da96aceff', '黑D22525', '宋国忠', '15946581658', '桦川', '江川');
insert into service_businfo (ID, BUSNO, BUSOWNER, PHONE, XL1, XL2) values ('41c6c9aa-ff63-48a0-a7a4-8e8469dfcbea', '黑D43528', '陈庆春', '15945416666', '桦川', '申家店');
insert into service_businfo (ID, BUSNO, BUSOWNER, PHONE, XL1, XL2) values ('1f83ff7f-48cc-4237-a909-cfb1f3d41972', '黑D43738', '李成', '13069760706', '桦川', '横德');
insert into service_businfo (ID, BUSNO, BUSOWNER, PHONE, XL1, XL2) values ('31688390-aae8-431e-80e4-7189cf94cbc8', '黑D69157', '杨春华', '13946464217', '桦川', '太平');
insert into service_businfo (ID, BUSNO, BUSOWNER, PHONE, XL1, XL2) values ('a2690316-8661-47c1-abe0-e6b13c9f1fe3', '黑D45223', '臧春雷', '13803666687', '桦川', '良种场');
insert into service_businfo (ID, BUSNO, BUSOWNER, PHONE, XL1, XL2) values ('a8890ef8-e3a0-4f61-b111-d2415b4e0481', '黑D26110', '郑桂茹', '18246360010', '26团', '桦川');
insert into service_businfo (ID, BUSNO, BUSOWNER, PHONE, XL1, XL2) values ('f9cf66d3-bf6f-41ee-8162-7977dc7d3573', '黑D63099', '苏金玲', '13349440123', '桦南', '桦川');
insert into service_businfo (ID, BUSNO, BUSOWNER, PHONE, XL1, XL2) values ('01988b7c-2a0a-472b-bd80-3bc13fe9917c', '黑J06180', '王玉', '13104544089', '双鸭山', '桦川');
insert into service_businfo (ID, BUSNO, BUSOWNER, PHONE, XL1, XL2) values ('479db662-3374-4c15-b8e5-f98235afc259', '黑D40567', '朱永林', '13803676565', '桦川', '南林');
insert into service_businfo (ID, BUSNO, BUSOWNER, PHONE, XL1, XL2) values ('e42f24f3-f2e2-48f3-a94b-a1a21f6fecf5', '黑D45815', '王学颖', '13945428350', '桦川', '永贵');
insert into service_businfo (ID, BUSNO, BUSOWNER, PHONE, XL1, XL2) values ('6e735ca5-1200-4f83-82a0-e3ec4d26dacc', '黑D06699', '刘东波', '13343649567', '桦川', '古城');
insert into service_businfo (ID, BUSNO, BUSOWNER, PHONE, XL1, XL2) values ('25d529fb-b10c-4554-abc6-c3295b09bbcc', '黑D46310', '王学', '13845430158', '桦川', '北永发');
insert into service_businfo (ID, BUSNO, BUSOWNER, PHONE, XL1, XL2) values ('1ef808f0-b583-441f-9159-5a931b2ccc9b', '黑D48897', '张建功', '15845417117', '桦川', '丰收');
insert into service_businfo (ID, BUSNO, BUSOWNER, PHONE, XL1, XL2) values ('fcd9dfb8-5e59-4e1f-9cf8-89f86616273d', '黑D42777', '张炳才', '15946586679', '桦川', '西宝山');
insert into service_businfo (ID, BUSNO, BUSOWNER, PHONE, XL1, XL2) values ('7dad423e-95fc-4130-aa06-17968a55ec1f', '黑D43911', '王友根', '15845418518', '桦川', '五七');
insert into service_businfo (ID, BUSNO, BUSOWNER, PHONE, XL1, XL2) values ('6142ff7f-703f-4eb6-a9f0-4a392cdbc0a3', '黑D44315', '刘亚文', '13845465522', '桦川', '马场');
insert into service_businfo (ID, BUSNO, BUSOWNER, PHONE, XL1, XL2) values ('ce78be05-ed71-4de3-8233-8030ae06798e', '黑D45335', '王慧', '13069933128', '桦川', '东辉');
insert into service_businfo (ID, BUSNO, BUSOWNER, PHONE, XL1, XL2) values ('f042d04e-791e-4d1e-88ef-10ea3a9a7ed8', '黑D45885', '崔光明', '13199127813', '桦川', '永胜');
insert into service_businfo (ID, BUSNO, BUSOWNER, PHONE, XL1, XL2) values ('c93a3fed-b8a8-4fbd-bf91-841105ed3003', '黑D47666', '王加义', '13394570123', '桦川', '东方红');
insert into service_businfo (ID, BUSNO, BUSOWNER, PHONE, XL1, XL2) values ('c37e62c2-1e3d-4055-b8b6-7bf99ddd6cf0', '黑D46155', '戴德才', '13349554600', '桦川', '葡萄沟');
insert into service_businfo (ID, BUSNO, BUSOWNER, PHONE, XL1, XL2) values ('4824c915-5028-4ed2-b345-369de02a0e6b', '黑D44366', '齐春风', '13634549389', '桦川', '片泡');
insert into service_businfo (ID, BUSNO, BUSOWNER, PHONE, XL1, XL2) values ('1bf3a09c-97ec-4c13-b942-5725e69a112a', '黑D43080', '刘玉军', '13512633747', '桦川', '新城');
insert into service_businfo (ID, BUSNO, BUSOWNER, PHONE, XL1, XL2) values ('e046508a-a54a-46a5-971c-d7fa8ee7f0d3', '黑D44179', '姜长春', '13763639577', '桦川', '新城');
insert into service_businfo (ID, BUSNO, BUSOWNER, PHONE, XL1, XL2) values ('375da8c9-5554-4922-b902-36e4ab9994e1', '黑D43666', '王洪权', '13704548500', '桦川', '新城');
insert into service_businfo (ID, BUSNO, BUSOWNER, PHONE, XL1, XL2) values ('ad601f55-9697-4485-8dc0-ad19ba8c4e81', '黑D43570(新城)', '李蛟', '13945495213', '桦川', '新城');
DROP TABLE service_busload;
CREATE TABLE service_busload ( ID varchar(255), BUSNO varchar(50), LOADDATE timestamp NULL, LOADNUM bigint(22), LOADUSER varchar(50), OPERUSER varchar(50), FIRSTINPUTTIME timestamp NULL, LASTINPUTTIME timestamp NULL, CONSTRAINT SYS_C007910 UNIQUE (ID), INDEX SERVICE_BUSLOAD_BUSNO (BUSNO), INDEX SERVICE_BUSLOAD_LOADDATE (LOADDATE), INDEX SERVICE_BUSLOAD_LOADUSER (LOADUSER) ) ENGINE=InnoDB DEFAULT CHARSET=utf8;
insert into service_busload (ID, BUSNO, LOADDATE, LOADNUM, LOADUSER, OPERUSER, FIRSTINPUTTIME, LASTINPUTTIME) values ('ab5e8678-07bb-475b-a44a-9458c1538a84', '黑D45889', '2014-05-19 00:00:00', 63, '系统管理员', 'admin', '2014-05-19 14:03:03', '2014-05-19 14:03:03');
insert into service_busload (ID, BUSNO, LOADDATE, LOADNUM, LOADUSER, OPERUSER, FIRSTINPUTTIME, LASTINPUTTIME) values ('2a01c5e7-be77-41b0-aaa2-9a823e25d019', '黑D45889', '2014-05-18 00:00:00', 50, '系统管理员', 'admin', '2014-05-19 14:41:24', '2014-05-19 14:41:24');
DROP TABLE service_customer;
CREATE TABLE service_customer ( ID text, CUSADDRES varchar(50), CUSID varchar(25), CUSIDPIC2 text, CUSIDPIC1 text, CUSNAME varchar(50), CUSNAMEEN varchar(200), CUSPHONE varchar(20), CUSPHOTO varchar(50), CUSBANKCARD varchar(50), CUSBANKPIC text, INDEX SERVICE_CUSTOMER_CUSID (CUSID), INDEX SERVICE_CUSTOMER_CUSNAME (CUSNAME), INDEX SERVICE_CUSTOMER_CUSNAMEEN (CUSNAMEEN) ) ENGINE=InnoDB DEFAULT CHARSET=utf8;
insert into service_customer (ID, CUSADDRES, CUSID, CUSIDPIC2, CUSIDPIC1, CUSNAME, CUSNAMEEN, CUSPHONE, CUSPHOTO, CUSBANKCARD, CUSBANKPIC) values ('91aa7b6f-0249-41f9-9a82-176059036791', '黑龙江省哈尔滨市', '230821198707244039', '303ec491-4e27-431b-9256-ab9123313b79', 'e632be80-bba8-44d9-9aac-6c2c194d13a3', '崔云鹏', 'cuiyunpeng', '15945676378', '300f702b-b908-4c78-8108-9baec5e5565a', '62272445852441475', 'e5727071-9a84-4f01-b686-818bd239c6fa');
DROP TABLE service_lendrecord;
CREATE TABLE service_lendrecord ( ID varchar(255) NOT NULL, ASSESSRESULT varchar(1000), CURSTATUS varchar(1), CUSID varchar(25), CUSNAME varchar(50), GUARANTOR varchar(50), GUARANTORID varchar(25), GUARANTORPHONE varchar(50), LENDCARDPIC varchar(1000), LENDCYCLE double, LENDMONEY double, LENDRATE double, PLEDGE varchar(200), PLEDGEPIC varchar(1000), RATESUM double, RECORDNO varchar(50), REPAYMENTSUM double, BEGINTIME datetime, LASTTIME datetime, LENDTIME datetime, PRIMARY KEY (ID), INDEX SERVICE_LENDRECORD_RECORDNO (RECORDNO), INDEX SERVICE_LENDRECORD_CUSID (CUSID), INDEX SERVICE_LENDRECORD_CUSNAME (CUSNAME), INDEX SERVICE_LENDRECORD_CURSTATUS (CURSTATUS) ) ENGINE=InnoDB DEFAULT CHARSET=utf8;
DROP TABLE service_partner;
CREATE TABLE service_partner ( ID text, NAME varchar(50), PARSHARE bigint(22), INDEX SERVICE_PARTNER_NAME (NAME) ) ENGINE=InnoDB DEFAULT CHARSET=utf8;
insert into service_partner (ID, NAME, PARSHARE) values ('7922af5e-a243-4073-a035-79ddd0d4e31f', '崔云鹏', 2000000);
insert into service_partner (ID, NAME, PARSHARE) values ('7942f649-c3c5-44d0-a9cc-cba68fffc9c2', '习近平', 1000000);
insert into service_partner (ID, NAME, PARSHARE) values ('70263bb9-9526-4349-a044-6265108c7832', '葛艳', 2000000);
DROP TABLE system_callwebservice;
CREATE TABLE system_callwebservice ( ID varchar(255), BEANID varchar(50), CALLTYPE varchar(50), REMARK varchar(200), WSDL text, CONSTRAINT SYS_C007918 UNIQUE (ID), INDEX CALLWEBSERVICE_CALLTYPE (CALLTYPE) ) ENGINE=InnoDB DEFAULT CHARSET=utf8;
insert into system_callwebservice (ID, BEANID, CALLTYPE, REMARK, WSDL) values ('6f932482-4141-4ab4-9d23-c6eee63ef310', 'axisDemoServiceId', '2', 'DEMO例子：调用demo模块下的websevice，axis方式', 'http://192.168.138.162:8888/Cloud3/axisservices/DemoService?wsdl');
insert into system_callwebservice (ID, BEANID, CALLTYPE, REMARK, WSDL) values ('753f2878-38ef-4618-9c4a-e355deaeb508', 'demoServiceId', '1', 'DEMO例子：调用demo模块下的websevice', 'http://192.168.138.162:8888/Cloud3/cxfservices/DemoService?wsdl');
DROP TABLE system_config;
CREATE TABLE system_config ( ID varchar(255), LEFTNAME varchar(20), ROOTDEPARTNAME varchar(50), ROOTDEPARTNO varchar(100), DELLOGDAY bigint(22), SAVEDMPFILEDAY bigint(22), SAVELOGFILEDAY bigint(22), PICSAVEPATH text, CONSTRAINT SYS_C007920 UNIQUE (ID) ) ENGINE=InnoDB DEFAULT CHARSET=utf8;
insert into system_config (ID, LEFTNAME, ROOTDEPARTNAME, ROOTDEPARTNO, DELLOGDAY, SAVEDMPFILEDAY, SAVELOGFILEDAY, PICSAVEPATH) values ('19186350-579b-4b99-ad7a-574849becdf6', '功能导航', 'CloudSite团队', 'root', 5, 5, 5, 'e:/uploadpic');
DROP TABLE system_datadict;
CREATE TABLE system_datadict ( ID varchar(36), DICTVALUE varchar(50), DICTLABEL varchar(50), DICTTYPE varchar(50), MODULENAME varchar(100), PROPERTY varchar(50), CONSTRAINT SYS_C007922 UNIQUE (ID), INDEX SYSTEM_DATADICT_DICTLABEL (DICTLABEL), INDEX SYSTEM_DATADICT_DICTTYPE (DICTTYPE), INDEX SYSTEM_DATADICT_DICTVALUE (DICTVALUE), INDEX SYSTEM_DATADICT_MODULENAME (MODULENAME), INDEX SYSTEM_DATADICT_PROPERTY (PROPERTY) ) ENGINE=InnoDB DEFAULT CHARSET=utf8;
insert into system_datadict (ID, DICTVALUE, DICTLABEL, DICTTYPE, MODULENAME, PROPERTY) values ('9deec637-aaa1-4514-bed2-e1b41f4df49b', '4', '后勤', 'select', 'demo', 'depart');
insert into system_datadict (ID, DICTVALUE, DICTLABEL, DICTTYPE, MODULENAME, PROPERTY) values ('4f767b91-6e62-4d10-96c3-dad74f87ea85', '1', '东', 'select2', 'demo', 'direction');
insert into system_datadict (ID, DICTVALUE, DICTLABEL, DICTTYPE, MODULENAME, PROPERTY) values ('35dcf030-1b5d-4ff3-9f82-0bbd73bcc90e', 'select', 'select', 'select', 'datadict', 'dictType');
insert into system_datadict (ID, DICTVALUE, DICTLABEL, DICTTYPE, MODULENAME, PROPERTY) values ('7a083d33-6a6b-49bc-9f2c-dc46add224d6', 'checkbox', 'checkbox', 'select', 'datadict', 'dictType');
insert into system_datadict (ID, DICTVALUE, DICTLABEL, DICTTYPE, MODULENAME, PROPERTY) values ('02868413-8551-4a8c-9ff1-b95edb0cd50e', 'radio', 'radio', 'select', 'datadict', 'dictType');
insert into system_datadict (ID, DICTVALUE, DICTLABEL, DICTTYPE, MODULENAME, PROPERTY) values ('c2d86623-2d6c-409a-a759-ae16e364b49f', 'select2', 'select2', 'select', 'datadict', 'dictType');
insert into system_datadict (ID, DICTVALUE, DICTLABEL, DICTTYPE, MODULENAME, PROPERTY) values ('3a81f2f8-5c6b-4eb9-8617-ad8d373d79c9', '0', '关闭', 'radio', 'schedulemanager', 'status');
insert into system_datadict (ID, DICTVALUE, DICTLABEL, DICTTYPE, MODULENAME, PROPERTY) values ('a82e8886-ae8b-4938-81c6-25350977b38b', '3', '西', 'select2', 'demo', 'direction');
insert into system_datadict (ID, DICTVALUE, DICTLABEL, DICTTYPE, MODULENAME, PROPERTY) values ('95e31fe2-e66f-48b4-9282-1cd671951d96', '1', '篮球', 'checkbox', 'demo', 'hobby');
insert into system_datadict (ID, DICTVALUE, DICTLABEL, DICTTYPE, MODULENAME, PROPERTY) values ('e298b3fe-ecaa-4a30-9e7f-1e44c8dc1917', '1', '男', 'radio', 'demo', 'sex');
insert into system_datadict (ID, DICTVALUE, DICTLABEL, DICTTYPE, MODULENAME, PROPERTY) values ('7e09114d-c685-44bf-8978-e8f377b7c299', '5', '财务', 'select', 'demo', 'depart');
insert into system_datadict (ID, DICTVALUE, DICTLABEL, DICTTYPE, MODULENAME, PROPERTY) values ('72904ae2-44e7-4493-b64e-d66d7d9d32fd', '1', '开启', 'radio', 'schedulemanager', 'status');
insert into system_datadict (ID, DICTVALUE, DICTLABEL, DICTTYPE, MODULENAME, PROPERTY) values ('a1333f09-6269-4716-98fa-b1727dbb0e62', '3', '足球', 'checkbox', 'demo', 'hobby');
insert into system_datadict (ID, DICTVALUE, DICTLABEL, DICTTYPE, MODULENAME, PROPERTY) values ('452fdcc5-e7c4-4179-9880-d94feb051c9d', '4', '台球', 'checkbox', 'demo', 'hobby');
insert into system_datadict (ID, DICTVALUE, DICTLABEL, DICTTYPE, MODULENAME, PROPERTY) values ('33f45c89-6dfc-4905-b208-a85ff4145ad3', '2', '女', 'radio', 'demo', 'sex');
insert into system_datadict (ID, DICTVALUE, DICTLABEL, DICTTYPE, MODULENAME, PROPERTY) values ('f8f32423-31fe-473e-afae-458e093af5f0', '2', '南', 'select2', 'demo', 'direction');
insert into system_datadict (ID, DICTVALUE, DICTLABEL, DICTTYPE, MODULENAME, PROPERTY) values ('e1b67013-af5b-423d-b881-7c324f1a71a2', '2', '总理', 'select', 'demo', 'depart');
insert into system_datadict (ID, DICTVALUE, DICTLABEL, DICTTYPE, MODULENAME, PROPERTY) values ('7329b0dc-429c-469b-8a5a-b8fb2a1255da', '3', '秘书', 'select', 'demo', 'depart');
insert into system_datadict (ID, DICTVALUE, DICTLABEL, DICTTYPE, MODULENAME, PROPERTY) values ('b90bbfb5-08c0-4d6e-abe6-08e474cba0b6', '4', '北', 'select2', 'demo', 'direction');
insert into system_datadict (ID, DICTVALUE, DICTLABEL, DICTTYPE, MODULENAME, PROPERTY) values ('a4ce52d3-e117-44a7-be2e-98e7146e444f', '0', '关闭', 'radio', 'webservice', 'status');
insert into system_datadict (ID, DICTVALUE, DICTLABEL, DICTTYPE, MODULENAME, PROPERTY) values ('d9bfdd46-6ef4-42e4-9a6d-c5ee607a39fa', '3', '中', 'radio', 'demo', 'sex');
insert into system_datadict (ID, DICTVALUE, DICTLABEL, DICTTYPE, MODULENAME, PROPERTY) values ('9ccf320a-a318-4842-9e37-0b62a44f6000', '1', '主席', 'select', 'demo', 'depart');
insert into system_datadict (ID, DICTVALUE, DICTLABEL, DICTTYPE, MODULENAME, PROPERTY) values ('0df7786a-2770-4beb-b68f-84ed015e0b79', '2', 'AXIS', 'radio', 'callwebservice', 'callType');
insert into system_datadict (ID, DICTVALUE, DICTLABEL, DICTTYPE, MODULENAME, PROPERTY) values ('a0f6ac6f-17c9-487d-9079-4cf0ec0ec10b', '1', 'CXF', 'radio', 'callwebservice', 'callType');
insert into system_datadict (ID, DICTVALUE, DICTLABEL, DICTTYPE, MODULENAME, PROPERTY) values ('ae17684d-6d28-475e-be5d-1d71e1547c36', '1', '开启', 'radio', 'webservice', 'status');
insert into system_datadict (ID, DICTVALUE, DICTLABEL, DICTTYPE, MODULENAME, PROPERTY) values ('0b9ca76a-aff5-405f-a783-60a11da643a1', '1', '菜单', 'radio', 'menumanager', 'menuType');
insert into system_datadict (ID, DICTVALUE, DICTLABEL, DICTTYPE, MODULENAME, PROPERTY) values ('576aefc2-5f13-450b-b003-c531da1be9bc', '0', '模块', 'radio', 'menumanager', 'menuType');
insert into system_datadict (ID, DICTVALUE, DICTLABEL, DICTTYPE, MODULENAME, PROPERTY) values ('bb604f52-2765-473a-a82f-a4ebca53963c', 'oracle', 'oracle', 'radio', 'systemconfig', 'datatype');
insert into system_datadict (ID, DICTVALUE, DICTLABEL, DICTTYPE, MODULENAME, PROPERTY) values ('24747845-435a-4f17-9dd4-5d75fe25452f', 'mysql', 'mysql', 'radio', 'systemconfig', 'datatype');
insert into system_datadict (ID, DICTVALUE, DICTLABEL, DICTTYPE, MODULENAME, PROPERTY) values ('2b01afd0-b494-4cde-9eb0-b1682ea55010', '0', '开启', 'radio', 'regwebservice', 'status');
insert into system_datadict (ID, DICTVALUE, DICTLABEL, DICTTYPE, MODULENAME, PROPERTY) values ('9d919509-8422-4f51-bd05-0081142e5a7f', '1', '关闭', 'radio', 'regwebservice', 'status');
DROP TABLE system_department;
CREATE TABLE system_department ( ID text, DEPARTNAME varchar(50), DEPARTNO varchar(50), DEPARTSORT bigint(22), PARENTNO varchar(50), INDEX SYSTEM_DEPARTMENT_DEPARTNAME (DEPARTNAME) ) ENGINE=InnoDB DEFAULT CHARSET=utf8;
insert into system_department (ID, DEPARTNAME, DEPARTNO, DEPARTSORT, PARENTNO) values ('e4e03c43-382c-4906-a0a3-1897022eb506', '团支部', '101', 2, 'root');
insert into system_department (ID, DEPARTNAME, DEPARTNO, DEPARTSORT, PARENTNO) values ('2260e0f7-b787-4720-8773-d6ba3dc3547c', '售票室', '10201', 1, 'root');
insert into system_department (ID, DEPARTNAME, DEPARTNO, DEPARTSORT, PARENTNO) values ('e4eefc80-01e4-4147-b48e-774ab8ce3416', '开发部', '001', 0, 'root');
insert into system_department (ID, DEPARTNAME, DEPARTNO, DEPARTSORT, PARENTNO) values ('b00bec6a-6dd8-4f55-a68f-adc18c4eb829', '技术部', '1', 0, 'root');
DROP TABLE system_menu;
CREATE TABLE system_menu ( ID varchar(255), MENUNAME varchar(50), MENUTYPE varchar(2), PARENTID varchar(50), MENUSOR bigint(22), MENUURL text, CONSTRAINT SYS_C007926 UNIQUE (ID), INDEX SYSTEM_MENU_MENUNAME (MENUNAME) ) ENGINE=InnoDB DEFAULT CHARSET=utf8;
insert into system_menu (ID, MENUNAME, MENUTYPE, PARENTID, MENUSOR, MENUURL) values ('4cff90b5-956c-4726-96e2-133bcf8c2e77', '图片管理', '1', 'a29c464e-cfc0-4612-8b81-475a0a90808a', 6, '/uploadpic/searchUploadPic.do');
insert into system_menu (ID, MENUNAME, MENUTYPE, PARENTID, MENUSOR, MENUURL) values ('b707e026-d26d-4d9e-a6c3-baa10bc51ea9', '操作记录', '1', '6a3d9ae7-ed95-40a7-a554-1388f243a0b0', 2, '/partner/searchPartner.do');
insert into system_menu (ID, MENUNAME, MENUTYPE, PARENTID, MENUSOR, MENUURL) values ('6bd73d47-cf4d-417b-9414-4d4c6faee75e', '附件管理', '1', 'a29c464e-cfc0-4612-8b81-475a0a90808a', 5, '/attachment/searchAttachment.do');
insert into system_menu (ID, MENUNAME, MENUTYPE, PARENTID, MENUSOR, MENUURL) values ('f6c3b370-0688-4d8e-b1e4-d7623a6d9830', '客车信息', '1', 'ed756016-74c1-41de-bc5f-829cc0a7de56', 1, '/businfo/searchBusInfo.do');
insert into system_menu (ID, MENUNAME, MENUTYPE, PARENTID, MENUSOR, MENUURL) values ('811fe8d0-7c86-48d4-895b-3603fb79a7df', '载客量', '1', 'ed756016-74c1-41de-bc5f-829cc0a7de56', 2, '/busload/searchBusload.do');
insert into system_menu (ID, MENUNAME, MENUTYPE, PARENTID, MENUSOR, MENUURL) values ('6a3d9ae7-ed95-40a7-a554-1388f243a0b0', '股东权利', '0', 'root', 4, null);
insert into system_menu (ID, MENUNAME, MENUTYPE, PARENTID, MENUSOR, MENUURL) values ('ed756016-74c1-41de-bc5f-829cc0a7de56', '客运管理', '0', 'root', 5, null);
insert into system_menu (ID, MENUNAME, MENUTYPE, PARENTID, MENUSOR, MENUURL) values ('f49148d3-9611-4301-bd52-6b5a7822fb35', '数据字典', '1', 'a29c464e-cfc0-4612-8b81-475a0a90808a', 2, '/datadict/searchDataDict.do');
insert into system_menu (ID, MENUNAME, MENUTYPE, PARENTID, MENUSOR, MENUURL) values ('4e78eeb2-a4ef-4b31-b959-29ba70c97cd0', '人员管理', '1', '0087f371-5d01-4e38-acf9-b31c2fae0d3c', 4, '/systemuser/searchSystemUser.do');
insert into system_menu (ID, MENUNAME, MENUTYPE, PARENTID, MENUSOR, MENUURL) values ('416bb9f5-376f-4876-aef8-eae00cc2aada', '发布WebService', '1', '67d47d41-7617-45f2-ab4f-38b7d5ef05ce', 3, '/webservice/searchWebService.do');
insert into system_menu (ID, MENUNAME, MENUTYPE, PARENTID, MENUSOR, MENUURL) values ('9b1d7076-d3b5-48aa-9c88-e8d837e69d86', '调用WebService', '1', '67d47d41-7617-45f2-ab4f-38b7d5ef05ce', 2, '/callwebservice/searchCallWebService.do');
insert into system_menu (ID, MENUNAME, MENUTYPE, PARENTID, MENUSOR, MENUURL) values ('a7263c2f-7e4f-49a7-8055-eb65f135a37f', '菜单权限', '1', '0087f371-5d01-4e38-acf9-b31c2fae0d3c', 2, '/menupriv/treeMenuPriv.do');
insert into system_menu (ID, MENUNAME, MENUTYPE, PARENTID, MENUSOR, MENUURL) values ('a29c464e-cfc0-4612-8b81-475a0a90808a', '系统设置', '0', 'root', 2, null);
insert into system_menu (ID, MENUNAME, MENUTYPE, PARENTID, MENUSOR, MENUURL) values ('2c9d82e4-45e2-4548-b827-47884b1ed860', '定时任务', '1', 'a29c464e-cfc0-4612-8b81-475a0a90808a', 3, '/schedulemanager/searchSchedule.do');
insert into system_menu (ID, MENUNAME, MENUTYPE, PARENTID, MENUSOR, MENUURL) values ('aac8407d-cc7f-4cc0-8ea1-b15e04d13bc1', '参数配置', '1', 'a29c464e-cfc0-4612-8b81-475a0a90808a', 1, '/systemconfig/addSystemConfig.do');
insert into system_menu (ID, MENUNAME, MENUTYPE, PARENTID, MENUSOR, MENUURL) values ('4484bedd-406b-4d06-98d5-18d61108387a', '角色管理', '1', '0087f371-5d01-4e38-acf9-b31c2fae0d3c', 5, '/rolemanager/searchRole.do');
insert into system_menu (ID, MENUNAME, MENUTYPE, PARENTID, MENUSOR, MENUURL) values ('67d47d41-7617-45f2-ab4f-38b7d5ef05ce', '开发专用', '0', 'root', 0, null);
insert into system_menu (ID, MENUNAME, MENUTYPE, PARENTID, MENUSOR, MENUURL) values ('e256f534-5696-442d-bb40-71d11eed219f', '代码生成器', '1', '67d47d41-7617-45f2-ab4f-38b7d5ef05ce', 0, '/coder/toIndex.do');
insert into system_menu (ID, MENUNAME, MENUTYPE, PARENTID, MENUSOR, MENUURL) values ('73c68974-b556-49cb-beb1-362c4d5c9c6a', '菜单管理', '1', '0087f371-5d01-4e38-acf9-b31c2fae0d3c', 1, '/menumanager/searchMenu.do');
insert into system_menu (ID, MENUNAME, MENUTYPE, PARENTID, MENUSOR, MENUURL) values ('d55c3fe2-7e5d-4d69-8051-d4234b91be8b', '部门管理', '1', '0087f371-5d01-4e38-acf9-b31c2fae0d3c', 3, '/department/treeDept.do');
insert into system_menu (ID, MENUNAME, MENUTYPE, PARENTID, MENUSOR, MENUURL) values ('a4977e64-9695-4726-95f1-67b800206169', 'demo', '1', '67d47d41-7617-45f2-ab4f-38b7d5ef05ce', 99, '/demo/searchDemo.do');
insert into system_menu (ID, MENUNAME, MENUTYPE, PARENTID, MENUSOR, MENUURL) values ('0087f371-5d01-4e38-acf9-b31c2fae0d3c', '组织机构', '0', 'root', 1, null);
insert into system_menu (ID, MENUNAME, MENUTYPE, PARENTID, MENUSOR, MENUURL) values ('d11b509f-e09f-4072-beb4-860752aa0651', '2.贷款备案', '1', 'c812c3fe-e178-4053-9f6d-fe8b3d81ba78', 1, '/lendrecord/searchLendRecord.do');
insert into system_menu (ID, MENUNAME, MENUTYPE, PARENTID, MENUSOR, MENUURL) values ('61e87b93-52fd-4a4f-a271-b24843241e65', '股东管理', '1', '6a3d9ae7-ed95-40a7-a554-1388f243a0b0', 1, '/partner/searchPartner.do');
insert into system_menu (ID, MENUNAME, MENUTYPE, PARENTID, MENUSOR, MENUURL) values ('c9d83004-d341-47be-96b0-bf108b640cb3', '日志管理', '1', 'a29c464e-cfc0-4612-8b81-475a0a90808a', 4, '/sqllog/searchSqllog.do');
insert into system_menu (ID, MENUNAME, MENUTYPE, PARENTID, MENUSOR, MENUURL) values ('4e20ad51-105c-4a10-a594-ead0fe994b5d', '1.客户信息', '1', 'c812c3fe-e178-4053-9f6d-fe8b3d81ba78', 0, '/customer/searchCustomer.do');
insert into system_menu (ID, MENUNAME, MENUTYPE, PARENTID, MENUSOR, MENUURL) values ('c812c3fe-e178-4053-9f6d-fe8b3d81ba78', '贷款办理', '0', 'root', 3, null);
insert into system_menu (ID, MENUNAME, MENUTYPE, PARENTID, MENUSOR, MENUURL) values ('55d140cf-2a94-4785-bef6-c3e08c869d74', '注册WebService', '1', '67d47d41-7617-45f2-ab4f-38b7d5ef05ce', 4, '/regwebservice/searchRegWebService.do');
insert into system_menu (ID, MENUNAME, MENUTYPE, PARENTID, MENUSOR, MENUURL) values ('c87ed2fd-fa6d-401c-a4c0-4bce33c5767d', '统计分析', '1', '6a3d9ae7-ed95-40a7-a554-1388f243a0b0', 3, '/partner/searchPartner.do');
DROP TABLE system_menu_priv;
CREATE TABLE system_menu_priv ( ID varchar(36), PRIVNO varchar(50), PRIVNAME varchar(50), LINKMENUID varchar(36), URL text, CONSTRAINT SYS_C007931 UNIQUE (ID), INDEX SYSTEM_MENU_PRIV_LINKMENUID (LINKMENUID), INDEX SYSTEM_MENU_PRIV_PRIVNAME (PRIVNAME) ) ENGINE=InnoDB DEFAULT CHARSET=utf8;
insert into system_menu_priv (ID, PRIVNO, PRIVNAME, LINKMENUID, URL) values ('2a00fb07-edf4-44d4-afec-f7619eed9fa6', 'save', '保存', '6bd73d47-cf4d-417b-9414-4d4c6faee75e', '/attachment/saveAttachment.do');
insert into system_menu_priv (ID, PRIVNO, PRIVNAME, LINKMENUID, URL) values ('38aaa9ec-5390-42fe-96aa-74977c4f5e29', 'add', '添加', '6bd73d47-cf4d-417b-9414-4d4c6faee75e', '/attachment/addAttachment.do');
insert into system_menu_priv (ID, PRIVNO, PRIVNAME, LINKMENUID, URL) values ('a84b27ac-fe64-4f0f-a162-78b15d771f13', 'edit', '编辑', '6bd73d47-cf4d-417b-9414-4d4c6faee75e', '/attachment/editAttachment.do');
insert into system_menu_priv (ID, PRIVNO, PRIVNAME, LINKMENUID, URL) values ('fcd9a59f-0d89-4034-be4e-5474a7072ad1', 'del', '删除', '6bd73d47-cf4d-417b-9414-4d4c6faee75e', '/attachment/delAttachmentById.do');
insert into system_menu_priv (ID, PRIVNO, PRIVNAME, LINKMENUID, URL) values ('984e5adb-7ac2-440f-adb7-2b4b10748596', 'delBatch', '批量删除', '6bd73d47-cf4d-417b-9414-4d4c6faee75e', '/attachment/delAttachmentByIds.do');
insert into system_menu_priv (ID, PRIVNO, PRIVNAME, LINKMENUID, URL) values ('b428a439-161a-42e9-84c0-b74802d82a31', 'search', '列表查询', '6bd73d47-cf4d-417b-9414-4d4c6faee75e', '/attachment/searchAttachment.do');
insert into system_menu_priv (ID, PRIVNO, PRIVNAME, LINKMENUID, URL) values ('4a728785-adb6-47b6-8138-4eca858ce998', 'openExport', '弹出导出', '6bd73d47-cf4d-417b-9414-4d4c6faee75e', '/attachment/openAttachmentExport.do');
insert into system_menu_priv (ID, PRIVNO, PRIVNAME, LINKMENUID, URL) values ('6060e3f3-34e2-4119-86b2-800d793306de', 'exportData', '导出数据', '6bd73d47-cf4d-417b-9414-4d4c6faee75e', '/attachment/exportData.do');
insert into system_menu_priv (ID, PRIVNO, PRIVNAME, LINKMENUID, URL) values ('df811900-ddb4-4ab1-a762-56d03324dc35', 'openImport', '弹出导入', '6bd73d47-cf4d-417b-9414-4d4c6faee75e', '/attachment/openAttachmentImport.do');
insert into system_menu_priv (ID, PRIVNO, PRIVNAME, LINKMENUID, URL) values ('6f271d7c-8027-40c6-9e48-093fa08afa03', 'importData', '数据导入', '6bd73d47-cf4d-417b-9414-4d4c6faee75e', '/attachment/importData.do');
insert into system_menu_priv (ID, PRIVNO, PRIVNAME, LINKMENUID, URL) values ('62f8918f-02a4-45f7-a027-8b5c1e66a5a6', 'exportData', '导出数据', '9b1d7076-d3b5-48aa-9c88-e8d837e69d86', '/callwebservice/exportData.do');
insert into system_menu_priv (ID, PRIVNO, PRIVNAME, LINKMENUID, URL) values ('36d80d79-05c5-4c49-bcbf-b42d34925e41', 'importData', '数据导入', '9b1d7076-d3b5-48aa-9c88-e8d837e69d86', '/callwebservice/importData.do');
insert into system_menu_priv (ID, PRIVNO, PRIVNAME, LINKMENUID, URL) values ('826a765d-6ab7-4bd4-a8a0-4b1a17aedb02', 'add', '添加', '9b1d7076-d3b5-48aa-9c88-e8d837e69d86', '/callwebservice/addCallWebService.do');
insert into system_menu_priv (ID, PRIVNO, PRIVNAME, LINKMENUID, URL) values ('aac614a7-1893-4f4d-a586-82d983f1cae0', 'edit', '编辑', '9b1d7076-d3b5-48aa-9c88-e8d837e69d86', '/callwebservice/editCallWebService.do');
insert into system_menu_priv (ID, PRIVNO, PRIVNAME, LINKMENUID, URL) values ('8dd46030-b08f-451f-b8d7-49be51847be9', 'del', '删除', '9b1d7076-d3b5-48aa-9c88-e8d837e69d86', '/callwebservice/delCallWebServiceById.do');
insert into system_menu_priv (ID, PRIVNO, PRIVNAME, LINKMENUID, URL) values ('1e71d2a5-7757-471f-9677-10ef373ae9f8', 'delBatch', '批量删除', '9b1d7076-d3b5-48aa-9c88-e8d837e69d86', '/callwebservice/delCallWebServiceByIds.do');
insert into system_menu_priv (ID, PRIVNO, PRIVNAME, LINKMENUID, URL) values ('29cafd02-72cb-4e29-8114-69e5daf7442c', 'save', '保存', '9b1d7076-d3b5-48aa-9c88-e8d837e69d86', '/callwebservice/saveCallWebService.do');
insert into system_menu_priv (ID, PRIVNO, PRIVNAME, LINKMENUID, URL) values ('8a90b7ed-5956-460b-a6f1-c5828030aa69', 'search', '列表查询', '9b1d7076-d3b5-48aa-9c88-e8d837e69d86', '/callwebservice/searchCallWebService.do');
insert into system_menu_priv (ID, PRIVNO, PRIVNAME, LINKMENUID, URL) values ('1a866279-1663-4081-bad7-04cbee833291', 'openExport', '弹出导出', '9b1d7076-d3b5-48aa-9c88-e8d837e69d86', '/callwebservice/openCallWebServiceExport.do');
insert into system_menu_priv (ID, PRIVNO, PRIVNAME, LINKMENUID, URL) values ('34fd1c01-c00d-4793-ba04-d7a0adea8b57', 'openImport', '弹出导入', '9b1d7076-d3b5-48aa-9c88-e8d837e69d86', '/callwebservice/openCallWebServiceImport.do');
insert into system_menu_priv (ID, PRIVNO, PRIVNAME, LINKMENUID, URL) values ('072ae44d-0697-4361-b0d1-5ad0dadc2139', 'toIndex', '生成器首页', 'e256f534-5696-442d-bb40-71d11eed219f', '/coder/toIndex.do');
insert into system_menu_priv (ID, PRIVNO, PRIVNAME, LINKMENUID, URL) values ('dfc1e66e-f398-48f8-a850-e2b7e9248158', 'createCode', '创建代码', 'e256f534-5696-442d-bb40-71d11eed219f', '/coder/createCode.do');
insert into system_menu_priv (ID, PRIVNO, PRIVNAME, LINKMENUID, URL) values ('5bdb7190-85b9-4e35-9bf4-a15a3694d9c9', 'exportData', '导出数据', 'f49148d3-9611-4301-bd52-6b5a7822fb35', '/datadict/exportData.do');
insert into system_menu_priv (ID, PRIVNO, PRIVNAME, LINKMENUID, URL) values ('427630ab-6833-430d-846e-f0e0c47ab52e', 'importData', '数据导入', 'f49148d3-9611-4301-bd52-6b5a7822fb35', '/datadict/importData.do');
insert into system_menu_priv (ID, PRIVNO, PRIVNAME, LINKMENUID, URL) values ('1543cc5f-1730-45b8-8b97-47584fa25cd0', 'add', '添加', 'f49148d3-9611-4301-bd52-6b5a7822fb35', '/datadict/addDataDict.do');
insert into system_menu_priv (ID, PRIVNO, PRIVNAME, LINKMENUID, URL) values ('7b5eccbe-4836-445e-8eed-40def641f42a', 'edit', '编辑', 'f49148d3-9611-4301-bd52-6b5a7822fb35', '/datadict/editDataDict.do');
insert into system_menu_priv (ID, PRIVNO, PRIVNAME, LINKMENUID, URL) values ('951b0b63-afcc-4c77-aec5-dce45b9937b4', 'del', '删除', 'f49148d3-9611-4301-bd52-6b5a7822fb35', '/datadict/delDataDictById.do');
insert into system_menu_priv (ID, PRIVNO, PRIVNAME, LINKMENUID, URL) values ('51677652-f0a6-4971-a9c7-4b5ff0b755a4', 'delBatch', '批量删除', 'f49148d3-9611-4301-bd52-6b5a7822fb35', '/datadict/delDataDictByIds.do');
insert into system_menu_priv (ID, PRIVNO, PRIVNAME, LINKMENUID, URL) values ('fb51a630-b32a-4e6c-9c38-2f1e996656c0', 'save', '保存', 'f49148d3-9611-4301-bd52-6b5a7822fb35', '/datadict/saveDataDict.do');
insert into system_menu_priv (ID, PRIVNO, PRIVNAME, LINKMENUID, URL) values ('f51b5126-3828-4626-a1d9-db03135db587', 'search', '列表查询', 'f49148d3-9611-4301-bd52-6b5a7822fb35', '/datadict/searchDataDict.do');
insert into system_menu_priv (ID, PRIVNO, PRIVNAME, LINKMENUID, URL) values ('eafba54a-ae26-4b71-9bd0-092229dec060', 'openExport', '弹出导出', 'f49148d3-9611-4301-bd52-6b5a7822fb35', '/datadict/openDataDictExport.do');
insert into system_menu_priv (ID, PRIVNO, PRIVNAME, LINKMENUID, URL) values ('6c14cbe2-9afb-48d3-81e1-dbba3c4112a0', 'openImport', '弹出导入', 'f49148d3-9611-4301-bd52-6b5a7822fb35', '/datadict/openDataDictImport.do');
insert into system_menu_priv (ID, PRIVNO, PRIVNAME, LINKMENUID, URL) values ('12233f2c-e442-4f2f-b483-14822708e8ba', 'exportData', '导出数据', 'a4977e64-9695-4726-95f1-67b800206169', '/demo/exportData.do');
insert into system_menu_priv (ID, PRIVNO, PRIVNAME, LINKMENUID, URL) values ('1a6607b9-adc4-4cf3-beeb-299d2d42dd9e', 'importData', '数据导入', 'a4977e64-9695-4726-95f1-67b800206169', '/demo/importData.do');
insert into system_menu_priv (ID, PRIVNO, PRIVNAME, LINKMENUID, URL) values ('cd909c8a-d023-453c-818d-7afcce07d160', 'add', '添加', 'a4977e64-9695-4726-95f1-67b800206169', '/demo/addDemo.do');
insert into system_menu_priv (ID, PRIVNO, PRIVNAME, LINKMENUID, URL) values ('21a14802-bcd4-458d-bdd9-6ec05644ad94', 'edit', '编辑', 'a4977e64-9695-4726-95f1-67b800206169', '/demo/editDemo.do');
insert into system_menu_priv (ID, PRIVNO, PRIVNAME, LINKMENUID, URL) values ('dbd2c8fb-1109-49e7-b6bc-2ccba540b099', 'del', '删除', 'a4977e64-9695-4726-95f1-67b800206169', '/demo/delDemoById.do');
insert into system_menu_priv (ID, PRIVNO, PRIVNAME, LINKMENUID, URL) values ('e1a2cf2e-a787-44d2-bada-be4150ca4f61', 'delBatch', '批量删除', 'a4977e64-9695-4726-95f1-67b800206169', '/demo/delDemoByIds.do');
insert into system_menu_priv (ID, PRIVNO, PRIVNAME, LINKMENUID, URL) values ('0ed78331-ce76-4bf4-9713-2b835a541c32', 'save', '保存', 'a4977e64-9695-4726-95f1-67b800206169', '/demo/saveDemo.do');
insert into system_menu_priv (ID, PRIVNO, PRIVNAME, LINKMENUID, URL) values ('73f72b26-6e51-474b-a446-f0a9450f99f4', 'search', '列表查询', 'a4977e64-9695-4726-95f1-67b800206169', '/demo/searchDemo.do');
insert into system_menu_priv (ID, PRIVNO, PRIVNAME, LINKMENUID, URL) values ('0cc9a757-02c5-433f-aa40-b86d5e539489', 'openExport', '弹出导出', 'a4977e64-9695-4726-95f1-67b800206169', '/demo/openDemoExport.do');
insert into system_menu_priv (ID, PRIVNO, PRIVNAME, LINKMENUID, URL) values ('9f07a370-0fc8-47e6-9866-d31e1ca92f61', 'openImport', '弹出导入', 'a4977e64-9695-4726-95f1-67b800206169', '/demo/openDemoImport.do');
insert into system_menu_priv (ID, PRIVNO, PRIVNAME, LINKMENUID, URL) values ('bde370a0-8e43-4cc2-86c5-915d77d59456', 'exportData', '导出数据', 'd55c3fe2-7e5d-4d69-8051-d4234b91be8b', '/department/exportData.do');
insert into system_menu_priv (ID, PRIVNO, PRIVNAME, LINKMENUID, URL) values ('9cdeb1d3-ae35-43c7-8709-809d52892d31', 'importData', '数据导入', 'd55c3fe2-7e5d-4d69-8051-d4234b91be8b', '/department/importData.do');
insert into system_menu_priv (ID, PRIVNO, PRIVNAME, LINKMENUID, URL) values ('775e9cc2-fb8d-423e-9a37-92625dcdf34b', 'add', '添加', 'd55c3fe2-7e5d-4d69-8051-d4234b91be8b', '/department/addDepartment.do');
insert into system_menu_priv (ID, PRIVNO, PRIVNAME, LINKMENUID, URL) values ('11700451-9bb3-47b2-a364-eed6641e481b', 'edit', '编辑', 'd55c3fe2-7e5d-4d69-8051-d4234b91be8b', '/department/editDepartment.do');
insert into system_menu_priv (ID, PRIVNO, PRIVNAME, LINKMENUID, URL) values ('50601e1e-4961-4232-97d1-65c84be58251', 'del', '删除', 'd55c3fe2-7e5d-4d69-8051-d4234b91be8b', '/department/delDepartmentById.do');
insert into system_menu_priv (ID, PRIVNO, PRIVNAME, LINKMENUID, URL) values ('621f18d5-10d6-474b-9b14-d59be355328e', 'delBatch', '批量删除', 'd55c3fe2-7e5d-4d69-8051-d4234b91be8b', '/department/delDepartmentByIds.do');
insert into system_menu_priv (ID, PRIVNO, PRIVNAME, LINKMENUID, URL) values ('8d717264-7fe4-4288-a6f6-37bb0f45c977', 'save', '保存', 'd55c3fe2-7e5d-4d69-8051-d4234b91be8b', '/department/saveDepartment.do');
insert into system_menu_priv (ID, PRIVNO, PRIVNAME, LINKMENUID, URL) values ('b41537e0-2843-4327-806c-981551c53089', 'search', '列表查询', 'd55c3fe2-7e5d-4d69-8051-d4234b91be8b', '/department/searchDepartment.do');
insert into system_menu_priv (ID, PRIVNO, PRIVNAME, LINKMENUID, URL) values ('61227f96-9b7a-4a24-85be-8cdeae1143f4', 'openExport', '弹出导出', 'd55c3fe2-7e5d-4d69-8051-d4234b91be8b', '/department/openDepartmentExport.do');
insert into system_menu_priv (ID, PRIVNO, PRIVNAME, LINKMENUID, URL) values ('9fb4511f-26b0-457f-af31-0c54e8e17db3', 'openImport', '弹出导入', 'd55c3fe2-7e5d-4d69-8051-d4234b91be8b', '/department/openDepartmentImport.do');
insert into system_menu_priv (ID, PRIVNO, PRIVNAME, LINKMENUID, URL) values ('9a0a3463-66da-49d2-8dbb-606ac57d2653', 'exportData', '导出数据', '73c68974-b556-49cb-beb1-362c4d5c9c6a', '/menumanager/exportData.do');
insert into system_menu_priv (ID, PRIVNO, PRIVNAME, LINKMENUID, URL) values ('26a23ae8-cd9b-41ae-a215-4232102d830c', 'importData', '数据导入', '73c68974-b556-49cb-beb1-362c4d5c9c6a', '/menumanager/importData.do');
insert into system_menu_priv (ID, PRIVNO, PRIVNAME, LINKMENUID, URL) values ('8b60990c-b983-404a-82d1-33b533ce8b04', 'add', '添加', '73c68974-b556-49cb-beb1-362c4d5c9c6a', '/menumanager/addMenu.do');
insert into system_menu_priv (ID, PRIVNO, PRIVNAME, LINKMENUID, URL) values ('ac07da3a-ad59-4ad9-a91a-e5d8b0150acd', 'edit', '编辑', '73c68974-b556-49cb-beb1-362c4d5c9c6a', '/menumanager/editMenu.do');
insert into system_menu_priv (ID, PRIVNO, PRIVNAME, LINKMENUID, URL) values ('d7a6c55f-2883-495b-a2be-513c213b38d1', 'del', '删除', '73c68974-b556-49cb-beb1-362c4d5c9c6a', '/menumanager/delMenuById.do');
insert into system_menu_priv (ID, PRIVNO, PRIVNAME, LINKMENUID, URL) values ('eb343950-aee0-4ef9-a3b9-1f0ce025b824', 'delBatch', '批量删除', '73c68974-b556-49cb-beb1-362c4d5c9c6a', '/menumanager/delMenuByIds.do');
insert into system_menu_priv (ID, PRIVNO, PRIVNAME, LINKMENUID, URL) values ('1cb6e8cc-4a9d-431b-9374-aba79ae719d2', 'save', '保存', '73c68974-b556-49cb-beb1-362c4d5c9c6a', '/menumanager/saveMenu.do');
insert into system_menu_priv (ID, PRIVNO, PRIVNAME, LINKMENUID, URL) values ('c5902468-28b4-4ab7-b739-f7fd54ea2a5b', 'search', '列表查询', '73c68974-b556-49cb-beb1-362c4d5c9c6a', '/menumanager/searchMenu.do');
insert into system_menu_priv (ID, PRIVNO, PRIVNAME, LINKMENUID, URL) values ('4ad31bca-984d-4ba5-a552-4bdd6f98b215', 'openExport', '弹出导出', '73c68974-b556-49cb-beb1-362c4d5c9c6a', '/menumanager/openMenuExport.do');
insert into system_menu_priv (ID, PRIVNO, PRIVNAME, LINKMENUID, URL) values ('69ef71ca-28e2-4cec-8716-b0498250fd89', 'openImport', '弹出导入', '73c68974-b556-49cb-beb1-362c4d5c9c6a', '/menumanager/openMenuImport.do');
insert into system_menu_priv (ID, PRIVNO, PRIVNAME, LINKMENUID, URL) values ('54bdc99b-99ea-46cc-8be6-2ac8dff0b344', 'exportData', '导出数据', 'a7263c2f-7e4f-49a7-8055-eb65f135a37f', '/menupriv/exportData.do');
insert into system_menu_priv (ID, PRIVNO, PRIVNAME, LINKMENUID, URL) values ('9f494d4c-7684-4ef5-8575-d77316145728', 'add', '添加', 'a7263c2f-7e4f-49a7-8055-eb65f135a37f', '/menupriv/addMenuPriv.do');
insert into system_menu_priv (ID, PRIVNO, PRIVNAME, LINKMENUID, URL) values ('b17c3e18-2208-4ed1-8f35-bcb397b8c093', 'edit', '编辑', 'a7263c2f-7e4f-49a7-8055-eb65f135a37f', '/menupriv/editMenuPriv.do');
insert into system_menu_priv (ID, PRIVNO, PRIVNAME, LINKMENUID, URL) values ('1c871341-7501-44e9-b2ff-51b5b0456076', 'del', '删除', 'a7263c2f-7e4f-49a7-8055-eb65f135a37f', '/menupriv/delMenuPrivById.do');
insert into system_menu_priv (ID, PRIVNO, PRIVNAME, LINKMENUID, URL) values ('c18df763-455a-4d9b-b5fc-12a7ab343fe9', 'delBatch', '批量删除', 'a7263c2f-7e4f-49a7-8055-eb65f135a37f', '/menupriv/delMenuPrivByIds.do');
insert into system_menu_priv (ID, PRIVNO, PRIVNAME, LINKMENUID, URL) values ('80fd77f5-143e-4e7e-a526-21fd9af59532', 'save', '保存', 'a7263c2f-7e4f-49a7-8055-eb65f135a37f', '/menupriv/saveMenuPriv.do');
insert into system_menu_priv (ID, PRIVNO, PRIVNAME, LINKMENUID, URL) values ('c2c3b7ee-0d30-4a3b-960d-00ea6a0c19a7', 'search', '列表查询', 'a7263c2f-7e4f-49a7-8055-eb65f135a37f', '/menupriv/searchMenuPriv.do');
insert into system_menu_priv (ID, PRIVNO, PRIVNAME, LINKMENUID, URL) values ('0605c664-12b1-43f2-b426-153623f3a6b1', 'openExport', '弹出导出', 'a7263c2f-7e4f-49a7-8055-eb65f135a37f', '/menupriv/openMenuPrivExport.do');
insert into system_menu_priv (ID, PRIVNO, PRIVNAME, LINKMENUID, URL) values ('510198dc-e213-4331-b71c-109e371d6574', 'openImport', '弹出导入', 'a7263c2f-7e4f-49a7-8055-eb65f135a37f', '/menupriv/openMenuPrivImport.do');
insert into system_menu_priv (ID, PRIVNO, PRIVNAME, LINKMENUID, URL) values ('44c97273-3100-4a39-ae6b-8897f52b8bc6', 'exportData', '导出数据', '55d140cf-2a94-4785-bef6-c3e08c869d74', '/regwebservice/exportData.do');
insert into system_menu_priv (ID, PRIVNO, PRIVNAME, LINKMENUID, URL) values ('13a35d19-1db1-49db-9f64-cdbd9261d26b', 'importData', '数据导入', '55d140cf-2a94-4785-bef6-c3e08c869d74', '/regwebservice/importData.do');
insert into system_menu_priv (ID, PRIVNO, PRIVNAME, LINKMENUID, URL) values ('8e7348e6-048a-443d-94a3-b58d714d7179', 'add', '添加', '55d140cf-2a94-4785-bef6-c3e08c869d74', '/regwebservice/addRegWebService.do');
insert into system_menu_priv (ID, PRIVNO, PRIVNAME, LINKMENUID, URL) values ('44a4bc23-a2ae-47d6-aaa2-d865065c78fc', 'edit', '编辑', '55d140cf-2a94-4785-bef6-c3e08c869d74', '/regwebservice/editRegWebService.do');
insert into system_menu_priv (ID, PRIVNO, PRIVNAME, LINKMENUID, URL) values ('811470c6-9379-4030-b96d-fcdf24bcd2c4', 'del', '删除', '55d140cf-2a94-4785-bef6-c3e08c869d74', '/regwebservice/delRegWebServiceById.do');
insert into system_menu_priv (ID, PRIVNO, PRIVNAME, LINKMENUID, URL) values ('4d16c0ce-4828-493f-a436-7b00f2f57db1', 'delBatch', '批量删除', '55d140cf-2a94-4785-bef6-c3e08c869d74', '/regwebservice/delRegWebServiceByIds.do');
insert into system_menu_priv (ID, PRIVNO, PRIVNAME, LINKMENUID, URL) values ('f2aa135c-3bb6-4103-bd5a-5918536ae7f0', 'save', '保存', '55d140cf-2a94-4785-bef6-c3e08c869d74', '/regwebservice/saveRegWebService.do');
insert into system_menu_priv (ID, PRIVNO, PRIVNAME, LINKMENUID, URL) values ('4d83c207-788e-4e0d-8770-3fd033c126e7', 'search', '列表查询', '55d140cf-2a94-4785-bef6-c3e08c869d74', '/regwebservice/searchRegWebService.do');
insert into system_menu_priv (ID, PRIVNO, PRIVNAME, LINKMENUID, URL) values ('df5c86ce-5b7e-4735-854d-ba164d9417e7', 'openExport', '弹出导出', '55d140cf-2a94-4785-bef6-c3e08c869d74', '/regwebservice/openRegWebServiceExport.do');
insert into system_menu_priv (ID, PRIVNO, PRIVNAME, LINKMENUID, URL) values ('ee65b572-8eab-4d6b-a0d6-f54892b41c31', 'openImport', '弹出导入', '55d140cf-2a94-4785-bef6-c3e08c869d74', '/regwebservice/openRegWebServiceImport.do');
insert into system_menu_priv (ID, PRIVNO, PRIVNAME, LINKMENUID, URL) values ('abface38-5ca6-4a10-98d2-c13e400cef79', 'add', '添加', '4484bedd-406b-4d06-98d5-18d61108387a', '/rolemanager/addRole.do');
insert into system_menu_priv (ID, PRIVNO, PRIVNAME, LINKMENUID, URL) values ('eff5a322-498b-4513-972f-8fb7c4426eae', 'exportData', '导出数据', '4484bedd-406b-4d06-98d5-18d61108387a', '/rolemanager/exportData.do');
insert into system_menu_priv (ID, PRIVNO, PRIVNAME, LINKMENUID, URL) values ('1cb39363-3ee2-433d-81c6-5a295de644f5', 'importData', '数据导入', '4484bedd-406b-4d06-98d5-18d61108387a', '/rolemanager/importData.do');
insert into system_menu_priv (ID, PRIVNO, PRIVNAME, LINKMENUID, URL) values ('b24531b3-628e-4a55-b79e-77ea601198d0', 'edit', '编辑', '4484bedd-406b-4d06-98d5-18d61108387a', '/rolemanager/editRole.do');
insert into system_menu_priv (ID, PRIVNO, PRIVNAME, LINKMENUID, URL) values ('ad394000-078c-4c98-92fe-b9dbd9a500a3', 'del', '删除', '4484bedd-406b-4d06-98d5-18d61108387a', '/rolemanager/delRoleById.do');
insert into system_menu_priv (ID, PRIVNO, PRIVNAME, LINKMENUID, URL) values ('efc01d1c-b8ea-4242-af27-4319321e122b', 'delBatch', '批量删除', '4484bedd-406b-4d06-98d5-18d61108387a', '/rolemanager/delRoleByIds.do');
insert into system_menu_priv (ID, PRIVNO, PRIVNAME, LINKMENUID, URL) values ('e26497d8-9d73-476f-9cfb-525367356167', 'save', '保存', '4484bedd-406b-4d06-98d5-18d61108387a', '/rolemanager/saveRole.do');
insert into system_menu_priv (ID, PRIVNO, PRIVNAME, LINKMENUID, URL) values ('a8359cd7-c684-4264-8009-f5a49468e206', 'search', '列表查询', '4484bedd-406b-4d06-98d5-18d61108387a', '/rolemanager/searchRole.do');
insert into system_menu_priv (ID, PRIVNO, PRIVNAME, LINKMENUID, URL) values ('d44c4e07-3dc0-45ff-8c93-19cb69a781ae', 'openExport', '弹出导出', '4484bedd-406b-4d06-98d5-18d61108387a', '/rolemanager/openRoleExport.do');
insert into system_menu_priv (ID, PRIVNO, PRIVNAME, LINKMENUID, URL) values ('5de2bae1-4afc-45ac-8186-60a566c8cb72', 'openImport', '弹出导入', '4484bedd-406b-4d06-98d5-18d61108387a', '/rolemanager/openRoleImport.do');
insert into system_menu_priv (ID, PRIVNO, PRIVNAME, LINKMENUID, URL) values ('35bd3acb-71fb-453c-a3fc-505cd88e969d', 'exportData', '导出数据', '2c9d82e4-45e2-4548-b827-47884b1ed860', '/schedulemanager/exportData.do');
insert into system_menu_priv (ID, PRIVNO, PRIVNAME, LINKMENUID, URL) values ('882621a2-bfa1-495e-b08f-e556423ab41d', 'importData', '数据导入', '2c9d82e4-45e2-4548-b827-47884b1ed860', '/schedulemanager/importData.do');
insert into system_menu_priv (ID, PRIVNO, PRIVNAME, LINKMENUID, URL) values ('4a8ea7ca-05b0-42c8-9089-be8641b8eef4', 'add', '添加', '2c9d82e4-45e2-4548-b827-47884b1ed860', '/schedulemanager/addSchedule.do');
insert into system_menu_priv (ID, PRIVNO, PRIVNAME, LINKMENUID, URL) values ('f8cfbd2d-6990-4e78-a142-18267171625f', 'edit', '编辑', '2c9d82e4-45e2-4548-b827-47884b1ed860', '/schedulemanager/editSchedule.do');
insert into system_menu_priv (ID, PRIVNO, PRIVNAME, LINKMENUID, URL) values ('82297257-0923-4064-b9c8-6dae60531a04', 'del', '删除', '2c9d82e4-45e2-4548-b827-47884b1ed860', '/schedulemanager/delScheduleById.do');
insert into system_menu_priv (ID, PRIVNO, PRIVNAME, LINKMENUID, URL) values ('260a18e9-c3ff-491f-86b2-aece7cd4d806', 'delBatch', '批量删除', '2c9d82e4-45e2-4548-b827-47884b1ed860', '/schedulemanager/delScheduleByIds.do');
insert into system_menu_priv (ID, PRIVNO, PRIVNAME, LINKMENUID, URL) values ('c145e782-bea5-4671-942d-beb87e337d1e', 'save', '保存', '2c9d82e4-45e2-4548-b827-47884b1ed860', '/schedulemanager/saveSchedule.do');
insert into system_menu_priv (ID, PRIVNO, PRIVNAME, LINKMENUID, URL) values ('61874281-69b2-4b17-a092-71ec5df6df65', 'search', '列表查询', '2c9d82e4-45e2-4548-b827-47884b1ed860', '/schedulemanager/searchSchedule.do');
insert into system_menu_priv (ID, PRIVNO, PRIVNAME, LINKMENUID, URL) values ('798e63e6-8596-4eb3-bc1f-7ddb687e6e76', 'openExport', '弹出导出', '2c9d82e4-45e2-4548-b827-47884b1ed860', '/schedulemanager/openScheduleExport.do');
insert into system_menu_priv (ID, PRIVNO, PRIVNAME, LINKMENUID, URL) values ('2c8bbcd5-c287-44cc-88e4-7e64cafc1018', 'openImport', '弹出导入', '2c9d82e4-45e2-4548-b827-47884b1ed860', '/schedulemanager/openScheduleImport.do');
insert into system_menu_priv (ID, PRIVNO, PRIVNAME, LINKMENUID, URL) values ('8f1794cd-ef88-42f1-9aaa-7e647141680a', 'exportData', '导出数据', 'f6c3b370-0688-4d8e-b1e4-d7623a6d9830', '/businfo/exportData.do');
insert into system_menu_priv (ID, PRIVNO, PRIVNAME, LINKMENUID, URL) values ('c7b6ae1a-1166-4235-a5a4-22e9bc1bc3c1', 'importData', '数据导入', 'f6c3b370-0688-4d8e-b1e4-d7623a6d9830', '/businfo/importData.do');
insert into system_menu_priv (ID, PRIVNO, PRIVNAME, LINKMENUID, URL) values ('46c2fbc2-9933-40cc-b899-0e14b873e6d0', 'add', '添加', 'f6c3b370-0688-4d8e-b1e4-d7623a6d9830', '/businfo/addBusInfo.do');
insert into system_menu_priv (ID, PRIVNO, PRIVNAME, LINKMENUID, URL) values ('ed7738e2-95ca-476f-80e5-fa779cf09de7', 'edit', '编辑', 'f6c3b370-0688-4d8e-b1e4-d7623a6d9830', '/businfo/editBusInfo.do');
insert into system_menu_priv (ID, PRIVNO, PRIVNAME, LINKMENUID, URL) values ('5644e543-c00f-4190-98b9-a6bb1859d1ac', 'del', '删除', 'f6c3b370-0688-4d8e-b1e4-d7623a6d9830', '/businfo/delBusInfoById.do');
insert into system_menu_priv (ID, PRIVNO, PRIVNAME, LINKMENUID, URL) values ('b44df36f-0a31-447f-89a4-86d91db5ac14', 'delBatch', '批量删除', 'f6c3b370-0688-4d8e-b1e4-d7623a6d9830', '/businfo/delBusInfoByIds.do');
insert into system_menu_priv (ID, PRIVNO, PRIVNAME, LINKMENUID, URL) values ('14b40bd1-f017-4903-b662-47ebc28cda0f', 'save', '保存', 'f6c3b370-0688-4d8e-b1e4-d7623a6d9830', '/businfo/saveBusInfo.do');
insert into system_menu_priv (ID, PRIVNO, PRIVNAME, LINKMENUID, URL) values ('9f376e25-c2d7-4c17-a2b6-488e72ac6eef', 'search', '列表查询', 'f6c3b370-0688-4d8e-b1e4-d7623a6d9830', '/businfo/searchBusInfo.do');
insert into system_menu_priv (ID, PRIVNO, PRIVNAME, LINKMENUID, URL) values ('81d206c1-6ece-4036-8daa-d80d6608ea33', 'openExport', '弹出导出', 'f6c3b370-0688-4d8e-b1e4-d7623a6d9830', '/businfo/openBusInfoExport.do');
insert into system_menu_priv (ID, PRIVNO, PRIVNAME, LINKMENUID, URL) values ('ae90614d-cf3a-4a8f-b205-00df53f673e8', 'openImport', '弹出导入', 'f6c3b370-0688-4d8e-b1e4-d7623a6d9830', '/businfo/openBusInfoImport.do');
insert into system_menu_priv (ID, PRIVNO, PRIVNAME, LINKMENUID, URL) values ('bfddf3d6-f570-4704-9402-6344aab91194', 'exportData', '导出数据', '811fe8d0-7c86-48d4-895b-3603fb79a7df', '/busload/exportData.do');
insert into system_menu_priv (ID, PRIVNO, PRIVNAME, LINKMENUID, URL) values ('5a8a740b-c2b8-436b-ad4a-d9b0a0324874', 'importData', '数据导入', '811fe8d0-7c86-48d4-895b-3603fb79a7df', '/busload/importData.do');
insert into system_menu_priv (ID, PRIVNO, PRIVNAME, LINKMENUID, URL) values ('1db1e7a9-a23b-4656-8586-8a519c1d07ed', 'add', '添加', '811fe8d0-7c86-48d4-895b-3603fb79a7df', '/busload/addBusload.do');
insert into system_menu_priv (ID, PRIVNO, PRIVNAME, LINKMENUID, URL) values ('c4e4430e-6d14-42a8-af51-826e82ee2b39', 'edit', '编辑', '811fe8d0-7c86-48d4-895b-3603fb79a7df', '/busload/editBusload.do');
insert into system_menu_priv (ID, PRIVNO, PRIVNAME, LINKMENUID, URL) values ('0e40326e-f42d-4265-a8a1-092176762431', 'del', '删除', '811fe8d0-7c86-48d4-895b-3603fb79a7df', '/busload/delBusloadById.do');
insert into system_menu_priv (ID, PRIVNO, PRIVNAME, LINKMENUID, URL) values ('04e3ed7a-a071-4921-8bfb-864af872377f', 'delBatch', '批量删除', '811fe8d0-7c86-48d4-895b-3603fb79a7df', '/busload/delBusloadByIds.do');
insert into system_menu_priv (ID, PRIVNO, PRIVNAME, LINKMENUID, URL) values ('59855d20-571b-4200-9727-8feb0ae6d165', 'save', '保存', '811fe8d0-7c86-48d4-895b-3603fb79a7df', '/busload/saveBusload.do');
insert into system_menu_priv (ID, PRIVNO, PRIVNAME, LINKMENUID, URL) values ('0bd9fd09-2d41-4a3c-bba7-6c66b1d4ed96', 'search', '列表查询', '811fe8d0-7c86-48d4-895b-3603fb79a7df', '/busload/searchBusload.do');
insert into system_menu_priv (ID, PRIVNO, PRIVNAME, LINKMENUID, URL) values ('9c8873c7-6a3d-4cbb-8521-d7e52444fb6d', 'openExport', '弹出导出', '811fe8d0-7c86-48d4-895b-3603fb79a7df', '/busload/openBusloadExport.do');
insert into system_menu_priv (ID, PRIVNO, PRIVNAME, LINKMENUID, URL) values ('a13320e3-b590-457d-978f-0f55805de07d', 'openImport', '弹出导入', '811fe8d0-7c86-48d4-895b-3603fb79a7df', '/busload/openBusloadImport.do');
insert into system_menu_priv (ID, PRIVNO, PRIVNAME, LINKMENUID, URL) values ('a3adec91-1011-470f-9284-e04d4eaf045b', 'tj', '载客量统计', '811fe8d0-7c86-48d4-895b-3603fb79a7df', '/busload/tj.do');
insert into system_menu_priv (ID, PRIVNO, PRIVNAME, LINKMENUID, URL) values ('2a216f9b-17a6-4229-b0e4-184b91f8de13', 'exportData', '导出数据', '4e20ad51-105c-4a10-a594-ead0fe994b5d', '/customer/exportData.do');
insert into system_menu_priv (ID, PRIVNO, PRIVNAME, LINKMENUID, URL) values ('ba6e53df-87ef-4915-8633-40de649d785c', 'importData', '数据导入', '4e20ad51-105c-4a10-a594-ead0fe994b5d', '/customer/importData.do');
insert into system_menu_priv (ID, PRIVNO, PRIVNAME, LINKMENUID, URL) values ('cae8748f-bd82-4a56-b288-9e6e01be655b', 'add', '添加', '4e20ad51-105c-4a10-a594-ead0fe994b5d', '/customer/addCustomer.do');
insert into system_menu_priv (ID, PRIVNO, PRIVNAME, LINKMENUID, URL) values ('00244394-63a6-4a5e-9f9b-f43ad9ff4024', 'edit', '编辑', '4e20ad51-105c-4a10-a594-ead0fe994b5d', '/customer/editCustomer.do');
insert into system_menu_priv (ID, PRIVNO, PRIVNAME, LINKMENUID, URL) values ('bdcf6651-18cb-4e30-a6a5-eef19984e71c', 'del', '删除', '4e20ad51-105c-4a10-a594-ead0fe994b5d', '/customer/delCustomerById.do');
insert into system_menu_priv (ID, PRIVNO, PRIVNAME, LINKMENUID, URL) values ('553e36f8-bce7-4dff-9d69-d310c838a8e1', 'delBatch', '批量删除', '4e20ad51-105c-4a10-a594-ead0fe994b5d', '/customer/delCustomerByIds.do');
insert into system_menu_priv (ID, PRIVNO, PRIVNAME, LINKMENUID, URL) values ('1ea9d321-7850-4d12-956b-2910c059d490', 'save', '保存', '4e20ad51-105c-4a10-a594-ead0fe994b5d', '/customer/saveCustomer.do');
insert into system_menu_priv (ID, PRIVNO, PRIVNAME, LINKMENUID, URL) values ('45634234-dca3-4413-9b5d-b8da3e467a30', 'search', '列表查询', '4e20ad51-105c-4a10-a594-ead0fe994b5d', '/customer/searchCustomer.do');
insert into system_menu_priv (ID, PRIVNO, PRIVNAME, LINKMENUID, URL) values ('9a83b9a3-2bac-495a-bd60-5188617ae7ce', 'openExport', '弹出导出', '4e20ad51-105c-4a10-a594-ead0fe994b5d', '/customer/openCustomerExport.do');
insert into system_menu_priv (ID, PRIVNO, PRIVNAME, LINKMENUID, URL) values ('9e9b95d0-c503-4a6f-9dc5-20fa4f408e9c', 'openImport', '弹出导入', '4e20ad51-105c-4a10-a594-ead0fe994b5d', '/customer/openCustomerImport.do');
insert into system_menu_priv (ID, PRIVNO, PRIVNAME, LINKMENUID, URL) values ('b1dc3cdf-2f7c-4a9c-9be2-3a53e6c47d0b', 'exportData', '导出数据', 'd11b509f-e09f-4072-beb4-860752aa0651', '/lendrecord/exportData.do');
insert into system_menu_priv (ID, PRIVNO, PRIVNAME, LINKMENUID, URL) values ('802cebdf-ccdc-4ba9-82cc-96e80599b954', 'importData', '数据导入', 'd11b509f-e09f-4072-beb4-860752aa0651', '/lendrecord/importData.do');
insert into system_menu_priv (ID, PRIVNO, PRIVNAME, LINKMENUID, URL) values ('8ba317bc-e4f2-4fa7-a14c-800e1f1872ae', 'add', '添加', 'd11b509f-e09f-4072-beb4-860752aa0651', '/lendrecord/addLendRecord.do');
insert into system_menu_priv (ID, PRIVNO, PRIVNAME, LINKMENUID, URL) values ('b244f9c6-6ce8-4b3b-b99f-8302734442dc', 'edit', '编辑', 'd11b509f-e09f-4072-beb4-860752aa0651', '/lendrecord/editLendRecord.do');
insert into system_menu_priv (ID, PRIVNO, PRIVNAME, LINKMENUID, URL) values ('ab2a19ae-18b8-4647-b78f-bf2e273feabf', 'del', '删除', 'd11b509f-e09f-4072-beb4-860752aa0651', '/lendrecord/delLendRecordById.do');
insert into system_menu_priv (ID, PRIVNO, PRIVNAME, LINKMENUID, URL) values ('e0142deb-ccd9-4150-8bb4-fd1af94cf117', 'delBatch', '批量删除', 'd11b509f-e09f-4072-beb4-860752aa0651', '/lendrecord/delLendRecordByIds.do');
insert into system_menu_priv (ID, PRIVNO, PRIVNAME, LINKMENUID, URL) values ('228abe72-6954-4000-bad2-d2734b88a52f', 'save', '保存', 'd11b509f-e09f-4072-beb4-860752aa0651', '/lendrecord/saveLendRecord.do');
insert into system_menu_priv (ID, PRIVNO, PRIVNAME, LINKMENUID, URL) values ('73540219-1959-4d72-ac53-cbe0a52d8e5e', 'search', '列表查询', 'd11b509f-e09f-4072-beb4-860752aa0651', '/lendrecord/searchLendRecord.do');
insert into system_menu_priv (ID, PRIVNO, PRIVNAME, LINKMENUID, URL) values ('9c3e9307-5293-49c0-83ad-f469d59575cb', 'openExport', '弹出导出', 'd11b509f-e09f-4072-beb4-860752aa0651', '/lendrecord/openLendRecordExport.do');
insert into system_menu_priv (ID, PRIVNO, PRIVNAME, LINKMENUID, URL) values ('63386513-fd75-44d2-a350-d303f047b9f4', 'openImport', '弹出导入', 'd11b509f-e09f-4072-beb4-860752aa0651', '/lendrecord/openLendRecordImport.do');
insert into system_menu_priv (ID, PRIVNO, PRIVNAME, LINKMENUID, URL) values ('fc7970a9-e0bc-436b-9411-fb529ddc1de8', 'exportData', '导出数据', 'b707e026-d26d-4d9e-a6c3-baa10bc51ea9', '/partner/exportData.do');
insert into system_menu_priv (ID, PRIVNO, PRIVNAME, LINKMENUID, URL) values ('eefbd433-f2fe-47ff-9fa3-635682da5e2c', 'importData', '数据导入', 'b707e026-d26d-4d9e-a6c3-baa10bc51ea9', '/partner/importData.do');
insert into system_menu_priv (ID, PRIVNO, PRIVNAME, LINKMENUID, URL) values ('d6471b39-d4c8-48c6-8942-8fcb345427e5', 'add', '添加', 'b707e026-d26d-4d9e-a6c3-baa10bc51ea9', '/partner/addPartner.do');
insert into system_menu_priv (ID, PRIVNO, PRIVNAME, LINKMENUID, URL) values ('8d83247c-7445-4d09-a92f-400ef1047c47', 'edit', '编辑', 'b707e026-d26d-4d9e-a6c3-baa10bc51ea9', '/partner/editPartner.do');
insert into system_menu_priv (ID, PRIVNO, PRIVNAME, LINKMENUID, URL) values ('07352a96-fd98-4271-902e-fe80ae57c987', 'del', '删除', 'b707e026-d26d-4d9e-a6c3-baa10bc51ea9', '/partner/delPartnerById.do');
insert into system_menu_priv (ID, PRIVNO, PRIVNAME, LINKMENUID, URL) values ('61dc1fb4-520e-41c5-bf9f-cb055616bda2', 'delBatch', '批量删除', 'b707e026-d26d-4d9e-a6c3-baa10bc51ea9', '/partner/delPartnerByIds.do');
insert into system_menu_priv (ID, PRIVNO, PRIVNAME, LINKMENUID, URL) values ('dab9ae90-e0d4-40e5-b06e-0d86b1ff8c10', 'save', '保存', 'b707e026-d26d-4d9e-a6c3-baa10bc51ea9', '/partner/savePartner.do');
insert into system_menu_priv (ID, PRIVNO, PRIVNAME, LINKMENUID, URL) values ('d2ac6bf5-ea66-4b57-a823-fbf852035bcf', 'search', '列表查询', 'b707e026-d26d-4d9e-a6c3-baa10bc51ea9', '/partner/searchPartner.do');
insert into system_menu_priv (ID, PRIVNO, PRIVNAME, LINKMENUID, URL) values ('338f0b5e-dfa9-439d-95aa-77a93f1b37cc', 'openExport', '弹出导出', 'b707e026-d26d-4d9e-a6c3-baa10bc51ea9', '/partner/openPartnerExport.do');
insert into system_menu_priv (ID, PRIVNO, PRIVNAME, LINKMENUID, URL) values ('39bd4378-2263-47ba-83ed-7dc9e1e2ff80', 'openImport', '弹出导入', 'b707e026-d26d-4d9e-a6c3-baa10bc51ea9', '/partner/openPartnerImport.do');
insert into system_menu_priv (ID, PRIVNO, PRIVNAME, LINKMENUID, URL) values ('43e59373-dadd-4496-9bb1-af9381a4059f', 'exportData', '导出数据', 'c9d83004-d341-47be-96b0-bf108b640cb3', '/sqllog/exportData.do');
insert into system_menu_priv (ID, PRIVNO, PRIVNAME, LINKMENUID, URL) values ('9fb4580a-a431-4dbd-b9ae-d6ade399ee4e', 'importData', '数据导入', 'c9d83004-d341-47be-96b0-bf108b640cb3', '/sqllog/importData.do');
insert into system_menu_priv (ID, PRIVNO, PRIVNAME, LINKMENUID, URL) values ('60fbed6c-5d7a-4a47-9892-129c3f3af7cc', 'add', '添加', 'c9d83004-d341-47be-96b0-bf108b640cb3', '/sqllog/addSqllog.do');
insert into system_menu_priv (ID, PRIVNO, PRIVNAME, LINKMENUID, URL) values ('2eeff05b-8de1-4a12-aed3-37ad43274ef3', 'edit', '编辑', 'c9d83004-d341-47be-96b0-bf108b640cb3', '/sqllog/editSqllog.do');
insert into system_menu_priv (ID, PRIVNO, PRIVNAME, LINKMENUID, URL) values ('8766f0b5-f9a7-4d7f-8f7b-ab97710f53b2', 'del', '删除', 'c9d83004-d341-47be-96b0-bf108b640cb3', '/sqllog/delSqllogById.do');
insert into system_menu_priv (ID, PRIVNO, PRIVNAME, LINKMENUID, URL) values ('de012030-5a34-4569-bcc1-b3dd79282d5e', 'delBatch', '批量删除', 'c9d83004-d341-47be-96b0-bf108b640cb3', '/sqllog/delSqllogByIds.do');
insert into system_menu_priv (ID, PRIVNO, PRIVNAME, LINKMENUID, URL) values ('98fdb6d6-3cfc-4f7d-a63a-e2e86932aaeb', 'save', '保存', 'c9d83004-d341-47be-96b0-bf108b640cb3', '/sqllog/saveSqllog.do');
insert into system_menu_priv (ID, PRIVNO, PRIVNAME, LINKMENUID, URL) values ('978db44a-e00c-4937-b23b-df3b144ed4d0', 'search', '列表查询', 'c9d83004-d341-47be-96b0-bf108b640cb3', '/sqllog/searchSqllog.do');
insert into system_menu_priv (ID, PRIVNO, PRIVNAME, LINKMENUID, URL) values ('def57908-d78b-4f18-81c1-fd7025be63da', 'openExport', '弹出导出', 'c9d83004-d341-47be-96b0-bf108b640cb3', '/sqllog/openSqllogExport.do');
insert into system_menu_priv (ID, PRIVNO, PRIVNAME, LINKMENUID, URL) values ('f974a79e-9504-445c-802c-b8e7162d069e', 'openImport', '弹出导入', 'c9d83004-d341-47be-96b0-bf108b640cb3', '/sqllog/openSqllogImport.do');
insert into system_menu_priv (ID, PRIVNO, PRIVNAME, LINKMENUID, URL) values ('a7007518-51a0-41b6-970c-bf8815ede7be', 'exportData', '导出数据', 'aac8407d-cc7f-4cc0-8ea1-b15e04d13bc1', '/systemconfig/exportData.do');
insert into system_menu_priv (ID, PRIVNO, PRIVNAME, LINKMENUID, URL) values ('d8461a16-e014-401c-bfec-233899f7c589', 'importData', '数据导入', 'aac8407d-cc7f-4cc0-8ea1-b15e04d13bc1', '/systemconfig/importData.do');
insert into system_menu_priv (ID, PRIVNO, PRIVNAME, LINKMENUID, URL) values ('cc9b92cb-e753-4b51-8c48-1f63c8ccc397', 'add', '添加', 'aac8407d-cc7f-4cc0-8ea1-b15e04d13bc1', '/systemconfig/addSystemConfig.do');
insert into system_menu_priv (ID, PRIVNO, PRIVNAME, LINKMENUID, URL) values ('04d9f5ac-5de5-41e1-b65e-373ba1a503f7', 'edit', '编辑', 'aac8407d-cc7f-4cc0-8ea1-b15e04d13bc1', '/systemconfig/editSystemConfig.do');
insert into system_menu_priv (ID, PRIVNO, PRIVNAME, LINKMENUID, URL) values ('18a1ba08-3ec4-4951-9226-d47b292724c4', 'del', '删除', 'aac8407d-cc7f-4cc0-8ea1-b15e04d13bc1', '/systemconfig/delSystemConfigById.do');
insert into system_menu_priv (ID, PRIVNO, PRIVNAME, LINKMENUID, URL) values ('41cf238e-7188-4bae-9968-e0d15aa43863', 'delBatch', '批量删除', 'aac8407d-cc7f-4cc0-8ea1-b15e04d13bc1', '/systemconfig/delSystemConfigByIds.do');
insert into system_menu_priv (ID, PRIVNO, PRIVNAME, LINKMENUID, URL) values ('86aab4b8-23ad-4ab2-aa90-50742f950cfe', 'save', '保存', 'aac8407d-cc7f-4cc0-8ea1-b15e04d13bc1', '/systemconfig/saveSystemConfig.do');
insert into system_menu_priv (ID, PRIVNO, PRIVNAME, LINKMENUID, URL) values ('f1a2ba48-b721-4a67-a3b1-c684b0356e0f', 'search', '列表查询', 'aac8407d-cc7f-4cc0-8ea1-b15e04d13bc1', '/systemconfig/searchSystemConfig.do');
insert into system_menu_priv (ID, PRIVNO, PRIVNAME, LINKMENUID, URL) values ('b6a2a9ec-f3e7-4f0d-a103-e76718c26d60', 'openExport', '弹出导出', 'aac8407d-cc7f-4cc0-8ea1-b15e04d13bc1', '/systemconfig/openSystemConfigExport.do');
insert into system_menu_priv (ID, PRIVNO, PRIVNAME, LINKMENUID, URL) values ('06e0adfe-24d7-492e-8afa-c78135766a94', 'openImport', '弹出导入', 'aac8407d-cc7f-4cc0-8ea1-b15e04d13bc1', '/systemconfig/openSystemConfigImport.do');
insert into system_menu_priv (ID, PRIVNO, PRIVNAME, LINKMENUID, URL) values ('e9453f3e-cd84-48df-8aa1-a75d30ee2635', 'exportData', '导出数据', '4e78eeb2-a4ef-4b31-b959-29ba70c97cd0', '/systemuser/exportData.do');
insert into system_menu_priv (ID, PRIVNO, PRIVNAME, LINKMENUID, URL) values ('6022b65d-f014-4431-9a28-2bb516e8cacb', 'importData', '数据导入', '4e78eeb2-a4ef-4b31-b959-29ba70c97cd0', '/systemuser/importData.do');
insert into system_menu_priv (ID, PRIVNO, PRIVNAME, LINKMENUID, URL) values ('f7331603-392c-4510-a51c-0b6d41ea313a', 'add', '添加', '4e78eeb2-a4ef-4b31-b959-29ba70c97cd0', '/systemuser/addSystemUser.do');
insert into system_menu_priv (ID, PRIVNO, PRIVNAME, LINKMENUID, URL) values ('0f7f5ede-bca0-4d0d-8735-46b143d6feb8', 'edit', '编辑', '4e78eeb2-a4ef-4b31-b959-29ba70c97cd0', '/systemuser/editSystemUser.do');
insert into system_menu_priv (ID, PRIVNO, PRIVNAME, LINKMENUID, URL) values ('e8ae848a-8815-462c-9a53-dafb0f1f4d06', 'del', '删除', '4e78eeb2-a4ef-4b31-b959-29ba70c97cd0', '/systemuser/delSystemUserById.do');
insert into system_menu_priv (ID, PRIVNO, PRIVNAME, LINKMENUID, URL) values ('e9980f7f-02e8-4251-b8f2-64e03f6a0c73', 'delBatch', '批量删除', '4e78eeb2-a4ef-4b31-b959-29ba70c97cd0', '/systemuser/delSystemUserByIds.do');
insert into system_menu_priv (ID, PRIVNO, PRIVNAME, LINKMENUID, URL) values ('07a962ab-df3f-40e9-94cc-884ea41df0c6', 'save', '保存', '4e78eeb2-a4ef-4b31-b959-29ba70c97cd0', '/systemuser/saveSystemUser.do');
insert into system_menu_priv (ID, PRIVNO, PRIVNAME, LINKMENUID, URL) values ('1e8ae765-f879-4934-aa80-28bda1d907a2', 'search', '列表查询', '4e78eeb2-a4ef-4b31-b959-29ba70c97cd0', '/systemuser/searchSystemUser.do');
insert into system_menu_priv (ID, PRIVNO, PRIVNAME, LINKMENUID, URL) values ('78745a99-0ef7-4b4f-ae77-acfe1790999a', 'openExport', '弹出导出', '4e78eeb2-a4ef-4b31-b959-29ba70c97cd0', '/systemuser/openSystemUserExport.do');
insert into system_menu_priv (ID, PRIVNO, PRIVNAME, LINKMENUID, URL) values ('a2d3b8d8-910d-4ef9-89d8-306fc4c929d3', 'openImport', '弹出导入', '4e78eeb2-a4ef-4b31-b959-29ba70c97cd0', '/systemuser/openSystemUserImport.do');
insert into system_menu_priv (ID, PRIVNO, PRIVNAME, LINKMENUID, URL) values ('fd614de2-edc9-4545-9e24-a62e0f1c7a98', 'exportData', '导出数据', '4cff90b5-956c-4726-96e2-133bcf8c2e77', '/uploadpic/exportData.do');
insert into system_menu_priv (ID, PRIVNO, PRIVNAME, LINKMENUID, URL) values ('83bc08ee-c82a-464e-a8a2-f46ea85b1c5f', 'importData', '数据导入', '4cff90b5-956c-4726-96e2-133bcf8c2e77', '/uploadpic/importData.do');
insert into system_menu_priv (ID, PRIVNO, PRIVNAME, LINKMENUID, URL) values ('06afa596-322e-4b97-a62a-4c78e762a581', 'add', '添加', '4cff90b5-956c-4726-96e2-133bcf8c2e77', '/uploadpic/addUploadPic.do');
insert into system_menu_priv (ID, PRIVNO, PRIVNAME, LINKMENUID, URL) values ('2bb56553-4c6e-4c50-9412-a86236607ab8', 'edit', '编辑', '4cff90b5-956c-4726-96e2-133bcf8c2e77', '/uploadpic/editUploadPic.do');
insert into system_menu_priv (ID, PRIVNO, PRIVNAME, LINKMENUID, URL) values ('c34d21ea-7125-4c11-87d5-a1152b7793ca', 'del', '删除', '4cff90b5-956c-4726-96e2-133bcf8c2e77', '/uploadpic/delUploadPicById.do');
insert into system_menu_priv (ID, PRIVNO, PRIVNAME, LINKMENUID, URL) values ('8adea9c0-ee3d-459e-aa74-57f6178c0ba1', 'delBatch', '批量删除', '4cff90b5-956c-4726-96e2-133bcf8c2e77', '/uploadpic/delUploadPicByIds.do');
insert into system_menu_priv (ID, PRIVNO, PRIVNAME, LINKMENUID, URL) values ('a9e4473a-a857-4767-b415-0ccf36cbfcd7', 'save', '保存', '4cff90b5-956c-4726-96e2-133bcf8c2e77', '/uploadpic/saveUploadPic.do');
insert into system_menu_priv (ID, PRIVNO, PRIVNAME, LINKMENUID, URL) values ('5ef5e1d0-d7f4-4a8a-be7a-12acb05ef4a7', 'search', '列表查询', '4cff90b5-956c-4726-96e2-133bcf8c2e77', '/uploadpic/searchUploadPic.do');
insert into system_menu_priv (ID, PRIVNO, PRIVNAME, LINKMENUID, URL) values ('7e754889-8d3d-4064-b972-c9bb074a1d03', 'openExport', '弹出导出', '4cff90b5-956c-4726-96e2-133bcf8c2e77', '/uploadpic/openUploadPicExport.do');
insert into system_menu_priv (ID, PRIVNO, PRIVNAME, LINKMENUID, URL) values ('40614f16-2d6d-44aa-9621-81afea80dd44', 'openImport', '弹出导入', '4cff90b5-956c-4726-96e2-133bcf8c2e77', '/uploadpic/openUploadPicImport.do');
insert into system_menu_priv (ID, PRIVNO, PRIVNAME, LINKMENUID, URL) values ('2dc20c79-a963-4022-b167-3a1395924a19', 'exportData', '导出数据', '416bb9f5-376f-4876-aef8-eae00cc2aada', '/webservice/exportData.do');
insert into system_menu_priv (ID, PRIVNO, PRIVNAME, LINKMENUID, URL) values ('cd34dadc-aabf-49f5-9d36-8f9f09b30b03', 'importData', '数据导入', '416bb9f5-376f-4876-aef8-eae00cc2aada', '/webservice/importData.do');
insert into system_menu_priv (ID, PRIVNO, PRIVNAME, LINKMENUID, URL) values ('4d172805-0b6b-414e-9dee-ac629128a18c', 'add', '添加', '416bb9f5-376f-4876-aef8-eae00cc2aada', '/webservice/addWebService.do');
insert into system_menu_priv (ID, PRIVNO, PRIVNAME, LINKMENUID, URL) values ('b0c6865b-2417-44f2-b481-7d3c6aa4a176', 'edit', '编辑', '416bb9f5-376f-4876-aef8-eae00cc2aada', '/webservice/editWebService.do');
insert into system_menu_priv (ID, PRIVNO, PRIVNAME, LINKMENUID, URL) values ('21dae941-ce8d-4c68-8b52-18c83f8d17ca', 'del', '删除', '416bb9f5-376f-4876-aef8-eae00cc2aada', '/webservice/delWebServiceById.do');
insert into system_menu_priv (ID, PRIVNO, PRIVNAME, LINKMENUID, URL) values ('616976da-2d80-499e-9aee-ddacd2cf679a', 'delBatch', '批量删除', '416bb9f5-376f-4876-aef8-eae00cc2aada', '/webservice/delWebServiceByIds.do');
insert into system_menu_priv (ID, PRIVNO, PRIVNAME, LINKMENUID, URL) values ('bd3822a5-7e49-45b8-8465-006e175715f6', 'save', '保存', '416bb9f5-376f-4876-aef8-eae00cc2aada', '/webservice/saveWebService.do');
insert into system_menu_priv (ID, PRIVNO, PRIVNAME, LINKMENUID, URL) values ('53033703-e493-4907-887f-48d049f0c0ec', 'search', '列表查询', '416bb9f5-376f-4876-aef8-eae00cc2aada', '/webservice/searchWebService.do');
insert into system_menu_priv (ID, PRIVNO, PRIVNAME, LINKMENUID, URL) values ('468e12f3-8e7f-4db5-8bea-d75aebd5d327', 'openExport', '弹出导出', '416bb9f5-376f-4876-aef8-eae00cc2aada', '/webservice/openWebServiceExport.do');
insert into system_menu_priv (ID, PRIVNO, PRIVNAME, LINKMENUID, URL) values ('49bb8233-1063-4a5a-8685-8280869c731a', 'openImport', '弹出导入', '416bb9f5-376f-4876-aef8-eae00cc2aada', '/webservice/openWebServiceImport.do');
DROP TABLE system_regwebservice;
CREATE TABLE system_regwebservice ( ID text, CLASSNAME varchar(200), INTERFACENO varchar(20), METHOD varchar(100), REMARK varchar(200), STATUS varchar(50), INDEX SYSTEM_REGWEBSERVICE_CLASSNAME (CLASSNAME), INDEX SYSTEM_REGWEBSERVICE_STATUS (STATUS), INDEX SYSTEM_REGWEBSERVICE_INTERFACENO (INTERFACENO) ) ENGINE=InnoDB DEFAULT CHARSET=utf8;
insert into system_regwebservice (ID, CLASSNAME, INTERFACENO, METHOD, REMARK, STATUS) values ('29cd6453-925e-4cd1-8239-091ffed392d6', 'com.cloud.menumanager.executewebservice.MenuWS', '003', null, '菜单模块webservice', '0');
insert into system_regwebservice (ID, CLASSNAME, INTERFACENO, METHOD, REMARK, STATUS) values ('b65fb237-7eb9-4475-9e12-76d57ee184fa', 'com.cloud.demo.executewebservice.DemoWS', '001', 'getDemoById', 'demo模块webservice', '0');
DROP TABLE system_role;
CREATE TABLE system_role ( ID varchar(255), NAME varchar(50), CONSTRAINT SYS_C007935 UNIQUE (ID), INDEX SYSTEM_ROLE_NAME (NAME) ) ENGINE=InnoDB DEFAULT CHARSET=utf8;
insert into system_role (ID, NAME) values ('ac0fefd2-d1d3-41e0-bfeb-b39ec6f35a48', '业务员');
insert into system_role (ID, NAME) values ('0e43a622-afe3-4eac-b6e5-a9a7c6fe7f12', '开发者');
insert into system_role (ID, NAME) values ('765361e6-a397-4991-a146-6709f5d8354b', '团支部');
DROP TABLE system_rolemenupriv;
CREATE TABLE system_rolemenupriv ( ID varchar(255), LINKMENUID varchar(36), LINKROLEID varchar(36), PRIVNO varchar(50), CONSTRAINT SYS_C007937 UNIQUE (ID), INDEX SYSTEM_ROLEMENUPRIV_LINKMENUID (LINKMENUID), INDEX SYSTEM_ROLEMENUPRIV_LINKROLEID (LINKROLEID), INDEX SYSTEM_ROLEMENUPRIV_PRIVNO (PRIVNO) ) ENGINE=InnoDB DEFAULT CHARSET=utf8;
insert into system_rolemenupriv (ID, LINKMENUID, LINKROLEID, PRIVNO) values ('1a0d2e8f-5871-4cb9-8fd5-2a4c042c6630', 'a4977e64-9695-4726-95f1-67b800206169', '0e43a622-afe3-4eac-b6e5-a9a7c6fe7f12', 'add');
insert into system_rolemenupriv (ID, LINKMENUID, LINKROLEID, PRIVNO) values ('491aecfe-ea51-46ef-8f9e-ccb3e2e09aa4', 'a4977e64-9695-4726-95f1-67b800206169', '0e43a622-afe3-4eac-b6e5-a9a7c6fe7f12', 'del');
insert into system_rolemenupriv (ID, LINKMENUID, LINKROLEID, PRIVNO) values ('e3fda0d6-9b7b-485f-b945-8f485622d695', 'd55c3fe2-7e5d-4d69-8051-d4234b91be8b', '0e43a622-afe3-4eac-b6e5-a9a7c6fe7f12', 'openExport');
insert into system_rolemenupriv (ID, LINKMENUID, LINKROLEID, PRIVNO) values ('4ddce3f9-30aa-4a62-a6da-32ff5aa077ca', 'd55c3fe2-7e5d-4d69-8051-d4234b91be8b', '0e43a622-afe3-4eac-b6e5-a9a7c6fe7f12', 'openImport');
insert into system_rolemenupriv (ID, LINKMENUID, LINKROLEID, PRIVNO) values ('2db3a118-d6f0-4251-baec-6a508156416a', 'a4977e64-9695-4726-95f1-67b800206169', '0e43a622-afe3-4eac-b6e5-a9a7c6fe7f12', 'delBatch');
insert into system_rolemenupriv (ID, LINKMENUID, LINKROLEID, PRIVNO) values ('125b1d17-f2e2-4684-b902-ef10b3162329', 'a4977e64-9695-4726-95f1-67b800206169', '0e43a622-afe3-4eac-b6e5-a9a7c6fe7f12', 'edit');
insert into system_rolemenupriv (ID, LINKMENUID, LINKROLEID, PRIVNO) values ('31dfeede-7176-4dd6-9039-dce221784a50', 'd55c3fe2-7e5d-4d69-8051-d4234b91be8b', '0e43a622-afe3-4eac-b6e5-a9a7c6fe7f12', 'save');
insert into system_rolemenupriv (ID, LINKMENUID, LINKROLEID, PRIVNO) values ('d900f588-7fdd-481b-bfb0-80a7f4268d4b', 'a4977e64-9695-4726-95f1-67b800206169', '0e43a622-afe3-4eac-b6e5-a9a7c6fe7f12', 'exportData');
insert into system_rolemenupriv (ID, LINKMENUID, LINKROLEID, PRIVNO) values ('95e55515-116d-4367-8d8f-f14ae4092524', 'a4977e64-9695-4726-95f1-67b800206169', '0e43a622-afe3-4eac-b6e5-a9a7c6fe7f12', 'importData');
insert into system_rolemenupriv (ID, LINKMENUID, LINKROLEID, PRIVNO) values ('6f20cec7-46e8-4162-ab37-dab3242999ab', 'a4977e64-9695-4726-95f1-67b800206169', '0e43a622-afe3-4eac-b6e5-a9a7c6fe7f12', 'openExport');
insert into system_rolemenupriv (ID, LINKMENUID, LINKROLEID, PRIVNO) values ('b8e19280-72b4-4af1-a9a3-12b4b5c15e77', 'a4977e64-9695-4726-95f1-67b800206169', '0e43a622-afe3-4eac-b6e5-a9a7c6fe7f12', 'openImport');
insert into system_rolemenupriv (ID, LINKMENUID, LINKROLEID, PRIVNO) values ('bfd6a3a9-6d18-43a8-aae0-68d64ce04b79', 'a4977e64-9695-4726-95f1-67b800206169', '0e43a622-afe3-4eac-b6e5-a9a7c6fe7f12', 'save');
insert into system_rolemenupriv (ID, LINKMENUID, LINKROLEID, PRIVNO) values ('e0b966ce-8477-4cad-88ed-41af11371af2', 'a4977e64-9695-4726-95f1-67b800206169', '0e43a622-afe3-4eac-b6e5-a9a7c6fe7f12', 'search');
insert into system_rolemenupriv (ID, LINKMENUID, LINKROLEID, PRIVNO) values ('94035cde-ee75-44bd-8b6b-558a76ff7a36', 'd55c3fe2-7e5d-4d69-8051-d4234b91be8b', '0e43a622-afe3-4eac-b6e5-a9a7c6fe7f12', 'search');
insert into system_rolemenupriv (ID, LINKMENUID, LINKROLEID, PRIVNO) values ('487e26f5-c84a-4fa5-95fc-2ae80011328d', 'aac8407d-cc7f-4cc0-8ea1-b15e04d13bc1', '0e43a622-afe3-4eac-b6e5-a9a7c6fe7f12', 'add');
insert into system_rolemenupriv (ID, LINKMENUID, LINKROLEID, PRIVNO) values ('f4728b72-bdaf-464e-aad3-03391018d000', 'aac8407d-cc7f-4cc0-8ea1-b15e04d13bc1', '0e43a622-afe3-4eac-b6e5-a9a7c6fe7f12', 'del');
insert into system_rolemenupriv (ID, LINKMENUID, LINKROLEID, PRIVNO) values ('4909796d-0b06-4c53-9465-7de8ec1a1464', 'aac8407d-cc7f-4cc0-8ea1-b15e04d13bc1', '0e43a622-afe3-4eac-b6e5-a9a7c6fe7f12', 'delBatch');
insert into system_rolemenupriv (ID, LINKMENUID, LINKROLEID, PRIVNO) values ('5c4b6eea-bd84-470e-9fc3-371b086ea2d7', 'aac8407d-cc7f-4cc0-8ea1-b15e04d13bc1', '0e43a622-afe3-4eac-b6e5-a9a7c6fe7f12', 'edit');
insert into system_rolemenupriv (ID, LINKMENUID, LINKROLEID, PRIVNO) values ('dca9973c-b307-4799-8d63-566732518efc', 'aac8407d-cc7f-4cc0-8ea1-b15e04d13bc1', '0e43a622-afe3-4eac-b6e5-a9a7c6fe7f12', 'exportData');
insert into system_rolemenupriv (ID, LINKMENUID, LINKROLEID, PRIVNO) values ('99eca5ea-abb1-4b96-ad20-8477432f10f3', 'aac8407d-cc7f-4cc0-8ea1-b15e04d13bc1', '0e43a622-afe3-4eac-b6e5-a9a7c6fe7f12', 'importData');
insert into system_rolemenupriv (ID, LINKMENUID, LINKROLEID, PRIVNO) values ('8a7b9ef3-7ba6-4413-8244-77694e032820', 'aac8407d-cc7f-4cc0-8ea1-b15e04d13bc1', '0e43a622-afe3-4eac-b6e5-a9a7c6fe7f12', 'openExport');
insert into system_rolemenupriv (ID, LINKMENUID, LINKROLEID, PRIVNO) values ('02413864-6433-45d6-8902-14e5f4665a17', 'aac8407d-cc7f-4cc0-8ea1-b15e04d13bc1', '0e43a622-afe3-4eac-b6e5-a9a7c6fe7f12', 'openImport');
insert into system_rolemenupriv (ID, LINKMENUID, LINKROLEID, PRIVNO) values ('2bb6a1c6-bf54-4751-9a57-8f41b727d97a', 'aac8407d-cc7f-4cc0-8ea1-b15e04d13bc1', '0e43a622-afe3-4eac-b6e5-a9a7c6fe7f12', 'save');
insert into system_rolemenupriv (ID, LINKMENUID, LINKROLEID, PRIVNO) values ('b9778522-79b4-41ff-883e-ce28c8b41c0a', 'aac8407d-cc7f-4cc0-8ea1-b15e04d13bc1', '0e43a622-afe3-4eac-b6e5-a9a7c6fe7f12', 'search');
insert into system_rolemenupriv (ID, LINKMENUID, LINKROLEID, PRIVNO) values ('5419edfb-24f1-467e-a4dd-f63b94bd5b65', 'f49148d3-9611-4301-bd52-6b5a7822fb35', '0e43a622-afe3-4eac-b6e5-a9a7c6fe7f12', 'add');
insert into system_rolemenupriv (ID, LINKMENUID, LINKROLEID, PRIVNO) values ('57336a14-d1e9-46a1-a95c-f4c48888e149', 'f49148d3-9611-4301-bd52-6b5a7822fb35', '0e43a622-afe3-4eac-b6e5-a9a7c6fe7f12', 'del');
insert into system_rolemenupriv (ID, LINKMENUID, LINKROLEID, PRIVNO) values ('aeb44c7f-0c19-4f7a-91a4-23f1a2d62e5c', 'f49148d3-9611-4301-bd52-6b5a7822fb35', '0e43a622-afe3-4eac-b6e5-a9a7c6fe7f12', 'delBatch');
insert into system_rolemenupriv (ID, LINKMENUID, LINKROLEID, PRIVNO) values ('2bc98b34-5ed4-4418-a336-1d76b8aabfd0', 'f49148d3-9611-4301-bd52-6b5a7822fb35', '0e43a622-afe3-4eac-b6e5-a9a7c6fe7f12', 'edit');
insert into system_rolemenupriv (ID, LINKMENUID, LINKROLEID, PRIVNO) values ('164325db-d7d0-48e2-b122-bfb1b889d822', 'f49148d3-9611-4301-bd52-6b5a7822fb35', '0e43a622-afe3-4eac-b6e5-a9a7c6fe7f12', 'exportData');
insert into system_rolemenupriv (ID, LINKMENUID, LINKROLEID, PRIVNO) values ('4fffbb25-99cb-4224-a1e9-63729a709d93', 'f49148d3-9611-4301-bd52-6b5a7822fb35', '0e43a622-afe3-4eac-b6e5-a9a7c6fe7f12', 'importData');
insert into system_rolemenupriv (ID, LINKMENUID, LINKROLEID, PRIVNO) values ('4f915032-950b-4c95-b50b-d81e6debde52', 'f49148d3-9611-4301-bd52-6b5a7822fb35', '0e43a622-afe3-4eac-b6e5-a9a7c6fe7f12', 'openExport');
insert into system_rolemenupriv (ID, LINKMENUID, LINKROLEID, PRIVNO) values ('666823c8-7145-4003-b36d-f841fc1fa073', 'f49148d3-9611-4301-bd52-6b5a7822fb35', '0e43a622-afe3-4eac-b6e5-a9a7c6fe7f12', 'openImport');
insert into system_rolemenupriv (ID, LINKMENUID, LINKROLEID, PRIVNO) values ('67abdc56-3cb3-45f4-932d-c5652481736f', 'f49148d3-9611-4301-bd52-6b5a7822fb35', '0e43a622-afe3-4eac-b6e5-a9a7c6fe7f12', 'save');
insert into system_rolemenupriv (ID, LINKMENUID, LINKROLEID, PRIVNO) values ('980e139a-2503-47cd-8cf9-bf6075c6f9fc', 'f49148d3-9611-4301-bd52-6b5a7822fb35', '0e43a622-afe3-4eac-b6e5-a9a7c6fe7f12', 'search');
insert into system_rolemenupriv (ID, LINKMENUID, LINKROLEID, PRIVNO) values ('ac7df58c-6584-4a96-a8ed-6d52404656bf', 'a7263c2f-7e4f-49a7-8055-eb65f135a37f', 'ac0fefd2-d1d3-41e0-bfeb-b39ec6f35a48', 'del');
insert into system_rolemenupriv (ID, LINKMENUID, LINKROLEID, PRIVNO) values ('aa1e02fd-b76e-43c2-aee1-e03aab02b8d6', 'f49148d3-9611-4301-bd52-6b5a7822fb35', 'ac0fefd2-d1d3-41e0-bfeb-b39ec6f35a48', 'add');
insert into system_rolemenupriv (ID, LINKMENUID, LINKROLEID, PRIVNO) values ('1ca2d1ab-0ede-4b24-8606-c8c36b84fca4', 'f49148d3-9611-4301-bd52-6b5a7822fb35', 'ac0fefd2-d1d3-41e0-bfeb-b39ec6f35a48', 'del');
insert into system_rolemenupriv (ID, LINKMENUID, LINKROLEID, PRIVNO) values ('3a18ebe7-0b06-42ba-8e41-92eae2345409', 'f6c3b370-0688-4d8e-b1e4-d7623a6d9830', '765361e6-a397-4991-a146-6709f5d8354b', 'add');
insert into system_rolemenupriv (ID, LINKMENUID, LINKROLEID, PRIVNO) values ('b2e559ec-5716-43df-8ca5-96881fb65808', 'f6c3b370-0688-4d8e-b1e4-d7623a6d9830', '765361e6-a397-4991-a146-6709f5d8354b', 'del');
insert into system_rolemenupriv (ID, LINKMENUID, LINKROLEID, PRIVNO) values ('e72b9228-24f9-4dc5-9b3d-3efa3153fcbc', 'f6c3b370-0688-4d8e-b1e4-d7623a6d9830', '765361e6-a397-4991-a146-6709f5d8354b', 'delBatch');
insert into system_rolemenupriv (ID, LINKMENUID, LINKROLEID, PRIVNO) values ('41002cef-6b00-485a-97a5-dca1a199128e', 'f6c3b370-0688-4d8e-b1e4-d7623a6d9830', '765361e6-a397-4991-a146-6709f5d8354b', 'edit');
insert into system_rolemenupriv (ID, LINKMENUID, LINKROLEID, PRIVNO) values ('7e0b8675-85b9-4d5d-9e3b-28092d773d74', 'f6c3b370-0688-4d8e-b1e4-d7623a6d9830', '765361e6-a397-4991-a146-6709f5d8354b', 'exportData');
insert into system_rolemenupriv (ID, LINKMENUID, LINKROLEID, PRIVNO) values ('f5dd7598-7d60-47f9-b426-7282a15d76b6', 'f6c3b370-0688-4d8e-b1e4-d7623a6d9830', '765361e6-a397-4991-a146-6709f5d8354b', 'importData');
insert into system_rolemenupriv (ID, LINKMENUID, LINKROLEID, PRIVNO) values ('bb62dbba-6b58-44f9-bc05-b145a5409f07', 'f6c3b370-0688-4d8e-b1e4-d7623a6d9830', '765361e6-a397-4991-a146-6709f5d8354b', 'openExport');
insert into system_rolemenupriv (ID, LINKMENUID, LINKROLEID, PRIVNO) values ('6a6b58ca-7bc6-4b54-93c3-848d0cc764b9', 'f6c3b370-0688-4d8e-b1e4-d7623a6d9830', '765361e6-a397-4991-a146-6709f5d8354b', 'openImport');
insert into system_rolemenupriv (ID, LINKMENUID, LINKROLEID, PRIVNO) values ('0552885d-a3cb-4b4f-875c-82427882bb13', 'f6c3b370-0688-4d8e-b1e4-d7623a6d9830', '765361e6-a397-4991-a146-6709f5d8354b', 'save');
insert into system_rolemenupriv (ID, LINKMENUID, LINKROLEID, PRIVNO) values ('ae4c6385-914f-4efb-8713-ead80a46e997', 'f6c3b370-0688-4d8e-b1e4-d7623a6d9830', '765361e6-a397-4991-a146-6709f5d8354b', 'search');
insert into system_rolemenupriv (ID, LINKMENUID, LINKROLEID, PRIVNO) values ('d5acdc9d-5a65-4046-90c5-4fec8f93fbf6', 'a7263c2f-7e4f-49a7-8055-eb65f135a37f', '0e43a622-afe3-4eac-b6e5-a9a7c6fe7f12', 'add');
insert into system_rolemenupriv (ID, LINKMENUID, LINKROLEID, PRIVNO) values ('46b8daf7-fd9d-4402-99f3-2ab12b29576d', 'a7263c2f-7e4f-49a7-8055-eb65f135a37f', '0e43a622-afe3-4eac-b6e5-a9a7c6fe7f12', 'del');
insert into system_rolemenupriv (ID, LINKMENUID, LINKROLEID, PRIVNO) values ('eb9f5008-e455-43ff-a627-43a548ea476b', 'a7263c2f-7e4f-49a7-8055-eb65f135a37f', '0e43a622-afe3-4eac-b6e5-a9a7c6fe7f12', 'delBatch');
insert into system_rolemenupriv (ID, LINKMENUID, LINKROLEID, PRIVNO) values ('f496f8c5-b896-488b-9f53-6e0d0d90ae80', 'a7263c2f-7e4f-49a7-8055-eb65f135a37f', '0e43a622-afe3-4eac-b6e5-a9a7c6fe7f12', 'edit');
insert into system_rolemenupriv (ID, LINKMENUID, LINKROLEID, PRIVNO) values ('73d00db1-e071-4531-82cf-b00219477659', 'a7263c2f-7e4f-49a7-8055-eb65f135a37f', '0e43a622-afe3-4eac-b6e5-a9a7c6fe7f12', 'exportData');
insert into system_rolemenupriv (ID, LINKMENUID, LINKROLEID, PRIVNO) values ('53f3a867-3fba-4809-82ad-de773e14bb2d', 'a7263c2f-7e4f-49a7-8055-eb65f135a37f', '0e43a622-afe3-4eac-b6e5-a9a7c6fe7f12', 'openExport');
insert into system_rolemenupriv (ID, LINKMENUID, LINKROLEID, PRIVNO) values ('7e2386d3-0c4d-4b5e-93e0-b8e666639c22', 'a7263c2f-7e4f-49a7-8055-eb65f135a37f', '0e43a622-afe3-4eac-b6e5-a9a7c6fe7f12', 'openImport');
insert into system_rolemenupriv (ID, LINKMENUID, LINKROLEID, PRIVNO) values ('6ac066ae-d727-4841-adf9-8a1b119477cd', 'a7263c2f-7e4f-49a7-8055-eb65f135a37f', '0e43a622-afe3-4eac-b6e5-a9a7c6fe7f12', 'save');
insert into system_rolemenupriv (ID, LINKMENUID, LINKROLEID, PRIVNO) values ('f8b6d9e5-3059-4daf-a1db-25032dc9dd2b', 'a7263c2f-7e4f-49a7-8055-eb65f135a37f', '0e43a622-afe3-4eac-b6e5-a9a7c6fe7f12', 'search');
insert into system_rolemenupriv (ID, LINKMENUID, LINKROLEID, PRIVNO) values ('b292a3db-08f7-4f39-bbf6-6a8d828e2aad', 'd55c3fe2-7e5d-4d69-8051-d4234b91be8b', '0e43a622-afe3-4eac-b6e5-a9a7c6fe7f12', 'add');
insert into system_rolemenupriv (ID, LINKMENUID, LINKROLEID, PRIVNO) values ('d8e8f887-88e7-4b02-b419-05508e300c42', 'd55c3fe2-7e5d-4d69-8051-d4234b91be8b', '0e43a622-afe3-4eac-b6e5-a9a7c6fe7f12', 'del');
insert into system_rolemenupriv (ID, LINKMENUID, LINKROLEID, PRIVNO) values ('04e4dfb1-59e1-42b6-b2c8-493c5f301505', 'd55c3fe2-7e5d-4d69-8051-d4234b91be8b', '0e43a622-afe3-4eac-b6e5-a9a7c6fe7f12', 'delBatch');
insert into system_rolemenupriv (ID, LINKMENUID, LINKROLEID, PRIVNO) values ('48510511-81fd-4407-8055-e13893ae6080', 'd55c3fe2-7e5d-4d69-8051-d4234b91be8b', '0e43a622-afe3-4eac-b6e5-a9a7c6fe7f12', 'edit');
insert into system_rolemenupriv (ID, LINKMENUID, LINKROLEID, PRIVNO) values ('652060f7-b26d-4c46-bbfb-be3528759372', 'd55c3fe2-7e5d-4d69-8051-d4234b91be8b', '0e43a622-afe3-4eac-b6e5-a9a7c6fe7f12', 'exportData');
insert into system_rolemenupriv (ID, LINKMENUID, LINKROLEID, PRIVNO) values ('9f9683ea-da1d-4f0e-8ab1-6db30c28aeb0', 'd55c3fe2-7e5d-4d69-8051-d4234b91be8b', '0e43a622-afe3-4eac-b6e5-a9a7c6fe7f12', 'importData');
DROP TABLE system_roleuser;
CREATE TABLE system_roleuser ( ID text, LINKROLEID varchar(36), USERID text, INDEX SYSTEM_ROLEUSER_LINKROLEID (LINKROLEID) ) ENGINE=InnoDB DEFAULT CHARSET=utf8;
insert into system_roleuser (ID, LINKROLEID, USERID) values ('bf4efd87-cba1-49a6-9e52-5de4d55474fb', '765361e6-a397-4991-a146-6709f5d8354b', 'lius');
insert into system_roleuser (ID, LINKROLEID, USERID) values ('d0b43ac9-84e8-4a62-b05c-d5e4d0894bcb', 'ac0fefd2-d1d3-41e0-bfeb-b39ec6f35a48', 'cloud');
insert into system_roleuser (ID, LINKROLEID, USERID) values ('47eee933-759b-46ab-b1b6-5d844d5d897f', 'ac0fefd2-d1d3-41e0-bfeb-b39ec6f35a48', 'abc');
insert into system_roleuser (ID, LINKROLEID, USERID) values ('eda3f209-ffb3-497c-aec0-5b4f55dcfed6', '0e43a622-afe3-4eac-b6e5-a9a7c6fe7f12', 'admin');
DROP TABLE system_schedule;
CREATE TABLE system_schedule ( ID varchar(255), CLASSTYPE varchar(200), FREQUENCY varchar(50), REMARK varchar(250), STATUS varchar(50), CONSTRAINT SYS_C007941 UNIQUE (ID), INDEX SCHEDULE_CLASSTYPE (CLASSTYPE), INDEX SCHEDULE_STATUS (STATUS) ) ENGINE=InnoDB DEFAULT CHARSET=utf8;
insert into system_schedule (ID, CLASSTYPE, FREQUENCY, REMARK, STATUS) values ('50f4a4e2-6173-4d8a-ab52-d1e11627ddf2', 'com.cloud.bakedb.job.BakeDataBaseJob', '0 0 12 * * ?', '备份数据库：自动备份', '1');
insert into system_schedule (ID, CLASSTYPE, FREQUENCY, REMARK, STATUS) values ('61531b3a-5c8c-4776-b47f-2591873e0732', 'com.cloud.bakedb.job.DelDmpFileJob', '0 0 12 * * ?', '删除数据库文件：删除规定时间以外的备份文件', '1');
insert into system_schedule (ID, CLASSTYPE, FREQUENCY, REMARK, STATUS) values ('5658aad5-1b8f-44ea-a911-1ef5a5be2ab6', 'com.cloud.sqllog.job.Log4jJob', '0 30 7 * * ?', 'log日志文件删除', '1');
insert into system_schedule (ID, CLASSTYPE, FREQUENCY, REMARK, STATUS) values ('b0b5b566-725f-431c-9a5a-4fc24ca5fa62', 'com.cloud.sqllog.job.SqllogJob', '0 0 12 * * ?', '日志管理：定时删除过期日志', '1');
DROP TABLE system_uploadpic;
CREATE TABLE system_uploadpic ( ID text, ORINAME text, SAVEPATH text, SERNAME text, UPLOADTIME datetime, UPLOADUSERID varchar(100), INDEX SYSTEM_UPLOADPIC_UPLOADUSERID (UPLOADUSERID) ) ENGINE=InnoDB DEFAULT CHARSET=utf8;
insert into system_uploadpic (ID, ORINAME, SAVEPATH, SERNAME, UPLOADTIME, UPLOADUSERID) values ('e632be80-bba8-44d9-9aac-6c2c194d13a3', '123.jpg', 'e:/uploadpic/20140508', '20140508172855954.jpg', '2014-05-08 17:28:55', 'admin');
insert into system_uploadpic (ID, ORINAME, SAVEPATH, SERNAME, UPLOADTIME, UPLOADUSERID) values ('e5727071-9a84-4f01-b686-818bd239c6fa', '123.jpg', 'e:/uploadpic/20140508', '20140508172906121.jpg', '2014-05-08 17:29:06', 'admin');
insert into system_uploadpic (ID, ORINAME, SAVEPATH, SERNAME, UPLOADTIME, UPLOADUSERID) values ('64636020-bdba-49a3-b3b1-dbf93aa35342', '123.jpg', 'e:/uploadpic/20140509', '20140509080745222.jpg', '2014-05-09 08:07:45', 'admin');
insert into system_uploadpic (ID, ORINAME, SAVEPATH, SERNAME, UPLOADTIME, UPLOADUSERID) values ('303ec491-4e27-431b-9256-ab9123313b79', '123.jpg', 'e:/uploadpic/20140508', '20140508172859878.jpg', '2014-05-08 17:28:59', 'admin');
insert into system_uploadpic (ID, ORINAME, SAVEPATH, SERNAME, UPLOADTIME, UPLOADUSERID) values ('f48e7e16-0238-4485-a408-79fde5975d28', '123.jpg', 'e:/uploadpic/20140509', '20140509080648489.jpg', '2014-05-09 08:06:48', 'admin');
insert into system_uploadpic (ID, ORINAME, SAVEPATH, SERNAME, UPLOADTIME, UPLOADUSERID) values ('300f702b-b908-4c78-8108-9baec5e5565a', '20131010105358650.jpg', 'e:/uploadpic/20140519', '20140519144255735.jpg', '2014-05-19 14:42:55', 'admin');
DROP TABLE system_user;
CREATE TABLE system_user ( ID varchar(255), DEPARTNO varchar(20), PASSWORD varchar(50), USERID varchar(10), USERNAME varchar(50), CONSTRAINT SYS_C007943 UNIQUE (ID), INDEX SYSTEM_USER_DEPARTNO (DEPARTNO), INDEX SYSTEM_USER_PASSWORD (PASSWORD), INDEX SYSTEM_USER_USERID (USERID), INDEX SYSTEM_USER_USERNAME (USERNAME) ) ENGINE=InnoDB DEFAULT CHARSET=utf8;
insert into system_user (ID, DEPARTNO, PASSWORD, USERID, USERNAME) values ('2bceebc1-d2ac-475b-b37e-48e7138078a0', '101', 'd9b1d7db4cd6e70935368a1efb10e377', 'lius', '刘双');
insert into system_user (ID, DEPARTNO, PASSWORD, USERID, USERNAME) values ('1f9caf01-4a05-4b72-a2d7-cd283b596946', 'root', 'd9b1d7db4cd6e70935368a1efb10e377', 'abc', 'abc中国');
insert into system_user (ID, DEPARTNO, PASSWORD, USERID, USERNAME) values ('48ed9aa1-91e8-4e27-b726-35f17e06f82b', 'root', 'd9b1d7db4cd6e70935368a1efb10e377', 'admin', '系统管理员');
insert into system_user (ID, DEPARTNO, PASSWORD, USERID, USERNAME) values ('0c9b12df-2723-4fdb-ad59-c57cb774b151', '001', '6a65d96ee799a141fe8e758744f3086d', 'cloud', 'CloudSite团队');
DROP TABLE system_webservice;
CREATE TABLE system_webservice ( ID varchar(255), CLASSNAME varchar(200), REMARK varchar(50), SERVICENAME varchar(100), STATUS varchar(2), WSDLURL text, CONSTRAINT SYS_C007945 UNIQUE (ID), INDEX WEBSERVICE_CLASSNAME (CLASSNAME), INDEX WEBSERVICE_SERVICENAME (SERVICENAME) ) ENGINE=InnoDB DEFAULT CHARSET=utf8;
insert into system_webservice (ID, CLASSNAME, REMARK, SERVICENAME, STATUS, WSDLURL) values ('96dcbddb-a0e7-4fdc-b437-dc2ec057824f', 'com.cloud.webservice.webservice.WebServiceWSImpl', 'webservice总入口', 'webServiceIndex', '1', 'http://192.168.2.102:80/Cloud3/cxfservices/webServiceIndex?wsdl');
DROP TABLE t_log_sqllog;
CREATE TABLE t_log_sqllog ( FID text, FBEGINTIME datetime, FENDTIME datetime, FPARAMETERS longtext, FSQL text, FSQLTYPE bigint(22), INDEX T_LOG_SQLLOG_FBEGINTIME (FBEGINTIME), INDEX T_LOG_SQLLOG_FENDTIME (FENDTIME), INDEX T_LOG_SQLLOG_FSQLTYPE (FSQLTYPE) ) ENGINE=InnoDB DEFAULT CHARSET=utf8;
